HORA_SINIESTRO,DISTRITO,ZONA,TIPO_DE_VIA,RED_VIAL,EXISTE_CICLOVIA,CONDICION_CLIMATICA,ZONIFICACION,CARACTERISTICAS_DE_VIA,PERFIL_LONGITUDINAL_VIA,SUPERFICIE_DE_CALZADA,SENALIZACION,DIA_DE_LA_SEMANA,MES,PERIODO_DEL_DIA,FERIADO
4,0,0,0,0,0,0,0,0,0,0,0,4,1,0,0
5,1,1,1,1,0,0,1,0,0,1,0,4,1,0,0
14,2,1,1,1,0,0,1,0,0,1,0,4,1,1,0
6,3,1,1,1,0,0,2,0,0,1,0,5,1,0,0
23,1,1,0,0,0,0,0,0,0,1,0,5,1,2,0
4,4,1,0,2,0,0,1,0,0,1,0,6,1,0,0
10,5,1,1,1,0,0,3,1,0,1,0,6,1,3,0
4,6,1,1,1,0,0,3,1,0,1,0,0,2,0,0
7,7,1,1,1,0,0,3,1,0,1,0,0,2,3,0
5,8,1,0,2,0,0,0,0,0,1,0,0,3,0,0
8,9,1,1,1,0,0,2,0,0,1,0,0,3,3,0
7,10,0,1,1,0,0,0,0,0,1,0,1,3,3,0
5,4,0,0,0,0,0,1,0,0,1,0,2,3,0,0
20,11,1,1,1,0,0,3,0,0,1,0,5,4,2,0
22,12,1,0,2,0,0,2,0,0,1,0,5,4,2,0
0,13,0,0,2,1,0,0,0,0,1,0,5,5,2,0
5,4,1,1,1,0,0,3,0,0,1,0,5,5,0,0
15,7,1,1,1,0,0,1,0,0,1,0,5,5,1,0
5,14,0,0,2,0,0,0,0,0,1,1,6,5,0,0
8,15,1,1,1,0,0,1,0,0,1,0,1,6,3,0
10,10,1,0,2,0,1,1,0,0,2,0,1,6,3,0
21,16,1,0,2,0,0,1,0,0,2,0,1,6,2,0
15,17,1,0,2,0,0,2,0,0,1,0,2,6,1,0
23,18,1,2,1,1,0,2,0,1,1,0,3,6,2,0
23,19,1,1,1,0,0,2,2,0,1,1,3,6,2,0
20,20,1,0,2,0,0,2,0,0,1,0,3,7,2,0
5,2,0,1,1,0,0,0,0,1,1,0,5,7,0,0
10,18,1,1,1,0,0,3,1,0,1,1,5,7,3,0
22,20,1,0,2,0,0,2,0,1,1,1,5,7,2,0
19,21,1,0,2,0,0,4,3,0,1,0,6,8,2,0
11,7,1,1,1,0,0,2,0,0,1,1,1,8,3,0
5,22,0,0,2,0,2,0,0,0,1,0,2,9,0,0
17,23,1,1,1,0,3,3,0,0,1,0,2,9,1,0
17,24,1,1,1,1,0,2,1,0,1,1,2,9,1,0
19,25,0,0,2,0,0,0,0,0,1,0,4,10,2,0
19,26,1,1,1,0,0,2,0,0,1,0,4,10,2,0
4,27,0,1,1,0,1,0,0,0,1,0,5,10,0,0
5,28,0,0,2,0,0,0,0,0,1,0,5,10,0,0
20,2,1,1,1,0,0,1,1,0,1,0,0,11,2,0
6,29,1,0,2,0,0,1,0,0,1,0,1,11,0,1
7,21,1,1,1,0,0,2,0,0,1,0,1,11,3,1
5,15,1,1,1,0,0,3,0,0,1,0,2,11,0,0
19,5,1,3,1,0,0,0,4,1,1,1,2,11,2,0
17,26,1,1,1,0,0,3,0,0,1,1,2,12,1,0
0,30,1,0,2,0,0,2,0,0,1,0,0,1,2,0
3,24,1,0,2,0,0,2,0,0,1,0,0,1,0,0
4,10,1,0,2,0,0,2,0,0,1,0,0,1,0,0
10,21,1,0,2,0,0,3,1,0,1,0,2,2,3,0
17,17,0,0,0,0,0,0,4,1,1,1,2,2,1,0
20,31,1,0,2,0,0,1,1,0,1,0,2,2,2,0
17,19,1,1,1,0,0,2,1,0,1,0,3,2,1,0
14,32,1,1,1,0,0,0,0,0,1,0,2,3,1,0
3,14,0,0,2,0,0,0,0,1,1,0,3,3,0,0
4,33,1,0,2,0,0,0,0,0,1,0,6,4,0,1
7,4,0,0,2,0,0,0,0,0,1,0,6,4,3,1
11,7,1,1,1,0,0,2,0,0,1,0,6,4,3,1
21,34,1,0,2,0,0,3,0,0,1,1,6,4,2,1
9,35,1,1,1,0,1,1,0,0,1,0,6,5,3,0
5,36,1,0,2,0,0,1,0,0,1,0,0,5,0,0
15,15,1,1,1,0,0,2,0,0,1,0,0,5,1,0
15,37,1,1,1,0,0,3,0,0,1,0,0,5,1,0
19,38,1,1,1,0,0,3,1,0,1,0,0,5,2,0
15,5,1,1,1,0,0,1,0,0,1,0,4,7,1,0
15,15,1,0,2,0,0,1,0,0,1,0,4,7,1,0
1,12,1,1,1,0,0,2,0,0,1,0,5,7,2,0
2,39,1,1,1,0,0,2,0,0,1,0,5,7,2,0
2,15,1,4,1,0,0,3,0,1,1,0,6,7,2,0
23,31,1,0,2,0,0,3,0,1,1,0,6,7,2,0
23,12,0,0,2,0,0,0,0,0,1,0,6,7,2,0
19,40,1,0,2,0,0,3,0,0,1,0,0,8,2,0
1,35,1,5,1,0,0,2,0,0,1,0,4,9,2,0
1,41,1,1,1,0,0,2,0,0,1,0,5,9,2,0
20,42,1,1,1,0,0,3,1,0,1,0,5,9,2,0
12,4,1,1,1,0,0,2,0,0,1,0,0,10,3,0
19,9,1,1,1,0,0,2,0,0,1,0,0,10,2,0
18,10,1,0,2,0,0,2,0,0,1,0,1,11,1,1
4,21,1,1,1,0,0,2,0,0,1,0,3,11,0,0
5,26,1,1,1,0,0,2,4,0,1,0,3,11,0,0
11,40,1,0,2,0,0,0,0,0,1,0,3,11,3,0
17,26,1,1,1,0,0,2,0,0,1,0,3,11,1,0
19,31,1,0,2,0,0,1,0,0,1,1,3,11,2,0
17,4,1,6,1,0,0,3,0,1,1,0,3,12,1,0
8,31,1,0,2,0,0,2,0,0,1,0,4,12,3,0
22,4,1,0,2,0,0,2,4,0,1,1,4,12,2,0
16,10,1,1,1,0,0,3,0,1,0,0,5,12,1,0
19,42,1,0,2,0,0,2,1,0,1,0,5,12,2,0
0,19,1,0,2,0,1,2,0,0,1,0,6,1,2,0
16,43,0,0,2,0,2,0,5,0,1,1,6,1,1,0
19,5,1,0,2,0,0,4,1,0,1,0,0,1,2,0
22,10,1,0,2,0,0,2,0,0,1,0,0,1,2,0
11,7,1,5,1,0,0,3,0,0,1,1,1,1,3,1
6,26,1,1,1,0,0,1,0,0,1,0,3,2,0,0
13,19,1,1,1,0,0,2,0,0,1,0,3,2,1,0
4,44,0,0,0,0,0,0,4,0,1,0,4,2,0,0
3,42,1,1,1,0,0,3,0,0,1,0,4,3,0,0
11,35,1,1,1,0,0,2,0,0,1,0,4,3,3,0
10,21,0,1,1,0,0,1,0,0,1,0,5,4,3,0
6,45,1,2,1,0,0,2,0,0,1,0,0,4,0,0
6,46,1,0,2,0,1,1,0,0,1,0,0,5,0,0
15,7,1,1,1,0,0,1,0,0,1,0,0,5,1,0
10,26,1,5,1,0,0,3,1,0,1,0,2,5,3,0
13,19,1,1,1,0,0,1,0,0,1,0,3,6,1,0
17,35,1,5,1,0,0,1,0,0,1,0,3,6,1,0
18,35,0,1,1,0,0,2,1,0,1,0,5,6,1,0
19,29,1,1,1,0,0,4,0,0,1,0,5,6,2,0
1,47,1,1,1,0,0,1,0,0,2,0,5,7,2,0
19,31,1,1,1,0,0,2,0,0,2,0,5,7,2,0
22,31,1,0,2,0,0,1,0,0,2,0,5,7,2,0
20,28,1,0,2,0,3,0,0,0,1,0,6,7,2,0
15,7,1,1,1,0,0,4,0,0,1,0,1,8,1,0
17,42,1,1,1,0,0,0,0,0,1,0,1,8,1,0
13,19,1,1,1,1,0,3,0,0,1,0,4,9,1,0
22,22,0,0,2,0,2,0,0,0,1,0,4,9,2,0
16,47,1,3,1,0,0,2,0,0,1,0,5,9,1,0
4,13,1,1,1,0,2,2,1,0,1,0,6,10,0,0
7,13,0,0,3,0,0,0,0,0,1,0,6,10,3,0
12,21,1,1,1,0,0,2,1,0,1,0,6,10,3,0
7,5,1,1,1,0,0,2,0,0,1,0,0,10,3,0
5,37,1,1,1,1,0,2,0,0,1,0,2,11,0,0
11,21,1,2,1,0,0,3,0,0,1,0,2,11,3,0
0,18,1,2,1,0,0,2,0,0,1,1,3,11,2,0
3,30,1,0,2,0,0,2,0,0,1,1,4,11,0,0
7,42,1,1,1,0,0,2,1,0,1,0,5,12,3,0
12,12,1,1,1,0,0,2,0,0,1,0,5,12,3,0
1,31,1,1,1,0,0,2,0,0,1,0,0,1,2,0
10,21,1,0,2,0,0,2,0,0,1,0,1,1,3,1
20,21,1,1,1,0,0,2,1,0,1,0,1,1,2,1
4,20,1,0,2,0,0,2,0,0,1,0,2,1,0,0
6,48,1,0,2,0,0,0,0,0,1,1,3,3,0,0
20,26,1,1,1,0,0,0,5,1,1,0,3,3,2,0
2,33,0,0,2,0,0,2,0,0,1,0,5,3,2,0
21,34,1,0,2,0,0,4,0,0,1,1,6,4,2,1
8,0,0,0,2,0,0,0,5,0,1,0,0,4,3,0
20,44,0,0,0,0,0,0,0,0,1,0,1,4,2,1
8,3,1,1,1,0,0,1,0,0,1,0,4,6,3,0
7,19,0,0,2,0,0,0,0,0,1,0,6,6,3,0
7,20,1,0,2,0,0,3,0,0,1,1,6,6,3,0
22,23,0,0,2,0,0,0,0,0,1,0,6,6,2,0
3,20,1,0,2,0,0,3,0,0,1,0,6,7,0,0
3,49,1,2,1,0,0,3,0,0,1,0,0,7,0,0
18,5,1,1,1,0,0,3,1,0,1,0,1,7,1,0
13,5,1,4,1,0,0,3,1,0,1,0,2,8,1,0
15,47,1,1,1,0,0,2,1,0,1,1,3,8,1,0
6,19,1,1,1,0,0,2,1,1,1,0,4,8,0,0
16,46,1,1,1,0,0,3,1,0,1,0,5,9,1,0
2,47,1,1,1,0,0,2,1,0,1,0,6,9,2,0
2,33,0,0,0,0,0,0,0,0,0,0,6,9,2,0
14,28,0,0,2,0,1,0,0,0,1,0,0,10,1,0
17,3,1,0,3,0,0,3,0,0,1,0,1,10,1,0
10,31,1,1,1,0,0,3,0,0,1,0,2,10,3,0
19,15,1,1,1,0,0,3,1,0,1,0,5,12,2,0
2,50,1,2,1,1,0,2,0,0,1,1,6,12,2,0
0,7,1,1,1,0,0,4,0,0,1,1,0,12,2,0
2,15,1,0,2,0,0,2,0,0,1,1,0,12,2,0
18,31,1,0,2,0,0,2,4,0,1,0,0,12,1,0
23,25,1,0,2,0,0,0,0,1,1,0,1,1,2,1
6,24,1,0,2,0,0,3,0,0,1,0,2,1,0,0
14,51,0,0,3,0,3,0,5,1,3,0,4,2,1,0
7,5,1,1,1,0,0,1,1,0,1,0,5,2,3,0
0,21,1,1,1,0,0,2,1,0,1,0,4,3,2,0
19,35,1,5,1,0,0,3,1,0,1,1,4,3,2,0
21,24,1,0,2,0,0,0,0,0,1,0,4,3,2,0
12,5,1,1,1,1,0,2,1,0,1,0,6,3,3,0
18,25,1,0,0,0,0,2,1,0,4,0,1,4,1,1
19,13,0,0,2,1,0,0,0,0,1,0,2,5,2,0
21,35,1,1,1,0,0,1,0,0,1,0,2,5,2,0
18,13,0,0,2,1,0,0,0,0,1,0,5,6,1,0
3,5,1,1,1,0,0,2,4,0,1,0,6,6,0,0
8,42,1,1,1,0,0,4,0,0,1,0,6,6,3,0
12,31,1,1,1,0,0,2,0,0,0,0,6,6,3,0
21,21,1,1,1,0,0,2,1,0,1,0,0,7,2,0
5,5,1,1,1,0,0,2,0,0,1,0,1,7,0,0
11,21,1,1,1,0,0,2,0,0,1,0,1,7,3,0
22,30,1,1,1,0,0,2,0,0,1,0,1,7,2,0
10,47,1,5,1,0,0,3,4,0,1,1,2,7,3,0
10,21,1,1,1,0,0,2,0,0,1,0,3,8,3,0
10,47,1,1,1,0,1,2,0,0,1,0,3,8,3,0
18,37,1,1,1,0,0,2,1,0,1,0,4,8,1,0
6,15,1,1,1,1,0,3,1,0,1,0,6,9,0,0
11,7,1,1,1,1,0,3,0,0,1,0,0,9,3,0
14,9,1,1,1,0,0,3,0,0,1,0,1,10,1,0
7,10,1,0,2,0,0,2,0,0,1,0,4,11,3,0
14,26,1,0,2,0,0,3,0,0,1,0,4,11,1,0
22,21,1,0,2,0,0,2,1,0,1,0,4,11,2,0
23,24,1,0,2,0,0,3,0,0,1,0,4,11,2,0
22,10,1,0,2,0,0,2,0,0,1,0,5,11,2,0
6,7,1,1,1,0,0,2,1,0,1,1,6,11,0,0
0,31,1,0,2,0,0,3,0,0,5,0,6,12,2,0
7,17,0,0,2,0,0,0,0,0,1,0,6,12,3,0
15,31,1,0,2,0,1,3,0,0,1,1,6,12,1,0
21,25,0,0,2,0,0,0,0,0,1,0,6,12,2,0
17,34,0,0,2,0,0,2,0,0,1,0,0,12,1,0
18,4,1,1,1,0,0,3,0,0,4,0,0,12,1,0
20,1,1,0,0,0,0,3,1,0,1,0,0,12,2,0
23,21,1,1,1,0,0,3,0,0,1,0,0,12,2,0
20,5,1,1,1,0,0,2,0,0,1,0,2,1,2,0
5,9,1,0,2,0,0,1,1,0,1,0,6,2,0,0
18,24,1,1,1,0,0,2,0,0,1,0,6,2,1,0
3,7,1,0,2,0,0,3,6,0,1,0,5,3,0,0
4,52,0,0,2,0,2,0,5,1,3,0,5,3,0,0
5,48,1,0,0,0,0,3,0,0,1,0,6,3,0,0
10,46,1,1,1,0,0,1,0,0,1,0,1,4,3,1
18,21,1,1,1,1,0,3,0,0,1,0,3,4,1,0
13,16,1,0,2,0,0,1,0,0,2,0,3,5,1,0
13,26,1,1,1,0,1,1,0,0,1,0,4,5,1,0
20,21,1,1,1,0,0,2,0,0,1,0,4,5,2,0
9,26,1,1,1,0,0,2,0,0,1,0,5,5,3,0
15,20,0,0,2,0,0,1,0,0,1,0,5,5,1,0
22,9,1,1,1,0,0,2,0,1,1,0,5,5,2,0
17,13,0,0,0,0,3,0,0,0,0,0,6,6,1,0
23,20,1,1,1,0,0,1,0,0,2,0,6,6,2,0
9,26,0,0,0,0,0,0,0,0,1,0,0,6,3,0
9,26,1,1,1,0,0,4,4,0,1,0,1,6,3,0
20,11,1,4,1,0,0,4,0,0,1,0,1,6,2,0
10,44,0,0,2,0,0,0,0,0,1,0,1,7,3,0
20,26,1,1,1,0,3,2,1,0,1,0,1,7,2,0
5,42,1,1,1,0,0,2,0,1,1,0,3,7,0,0
17,30,1,1,1,1,0,2,1,0,1,1,3,7,1,0
7,14,1,0,3,0,0,3,0,0,1,0,5,8,3,0
20,31,1,1,1,0,0,2,1,0,1,0,6,8,2,0
17,20,1,0,2,0,0,2,0,0,1,0,2,10,1,0
4,7,1,1,1,0,0,3,0,0,1,0,4,10,0,0
1,12,1,0,2,0,0,2,0,0,1,0,6,11,2,0
5,12,0,0,2,0,0,1,0,0,1,1,6,11,0,0
19,2,1,1,1,0,0,2,0,0,1,0,6,11,2,0
5,21,1,1,1,0,0,2,0,0,1,0,0,11,0,0
14,15,1,1,1,0,1,3,1,0,1,0,0,12,1,0
17,44,1,0,0,0,0,3,0,0,1,0,0,12,1,0
10,50,1,2,1,1,0,2,0,0,1,1,1,12,3,0
11,6,1,1,1,0,0,2,0,0,1,0,1,12,3,0
17,31,1,2,1,0,0,1,1,0,3,1,2,12,1,0
4,42,1,1,1,0,0,2,1,1,1,0,5,1,0,0
21,4,1,1,1,0,0,3,1,0,1,0,0,2,2,0
9,10,1,0,2,0,0,2,0,0,1,0,1,2,3,0
20,10,1,0,2,0,0,3,3,0,1,0,1,2,2,0
20,29,1,0,2,0,0,0,0,0,1,0,1,2,2,0
21,37,1,0,2,0,0,2,0,0,1,0,1,2,2,0
12,53,1,0,2,0,0,3,0,0,1,0,6,3,3,0
14,7,1,1,1,0,0,2,0,0,1,0,0,3,1,0
18,7,1,1,1,0,0,2,1,0,1,0,0,3,1,0
5,21,1,1,1,0,0,2,1,0,1,0,1,3,0,0
17,30,1,1,1,0,0,3,0,0,1,0,2,4,1,1
18,35,1,1,1,0,0,1,0,0,1,0,2,4,1,1
18,46,1,5,1,0,0,2,0,0,1,0,2,4,1,1
21,10,1,0,2,0,0,0,0,0,1,0,2,4,2,1
11,54,0,0,0,0,0,0,5,1,4,0,3,4,3,0
2,12,0,0,2,0,0,1,0,0,1,0,4,4,2,0
4,46,1,0,2,0,0,3,0,0,1,0,4,4,0,0
0,55,1,0,2,0,0,2,4,1,1,1,5,5,2,0
4,20,1,1,1,0,0,2,0,0,1,0,5,5,0,0
0,15,1,1,1,0,0,2,1,0,1,0,6,5,2,0
19,27,1,0,3,0,0,0,0,0,1,0,1,6,2,0
3,20,1,0,2,0,0,4,0,0,1,1,2,6,0,0
10,5,1,1,1,1,0,2,1,0,1,1,2,6,3,0
11,7,1,0,2,0,3,4,1,0,1,0,2,7,3,0
6,56,0,0,2,0,0,0,1,0,1,1,3,7,0,0
13,50,1,1,1,1,0,3,1,0,1,0,3,7,1,0
12,22,0,0,2,0,0,0,0,0,1,0,5,8,3,0
21,15,1,0,2,0,0,4,0,0,1,0,5,8,2,0
4,56,0,0,2,0,0,0,0,0,1,0,6,8,0,0
22,16,1,0,2,0,0,2,0,0,1,0,6,8,2,0
0,15,1,0,2,0,0,2,0,0,1,0,0,8,2,0
6,12,0,0,2,0,0,1,0,0,1,0,0,8,0,0
22,35,1,1,1,0,0,2,4,1,1,0,0,8,2,0
16,49,1,1,1,0,0,2,0,0,1,0,3,10,1,0
19,19,1,1,1,0,0,2,1,0,1,0,3,10,2,0
19,20,1,0,2,0,0,3,0,0,1,0,3,10,2,0
2,7,1,1,1,0,0,2,1,0,1,0,6,11,2,0
4,8,1,0,2,0,0,0,0,0,1,0,6,11,0,0
7,17,0,0,0,0,0,0,0,0,1,0,6,11,3,0
10,15,1,0,2,0,0,2,1,0,1,0,6,11,3,0
16,20,1,1,1,0,0,3,1,0,1,0,6,11,1,0
20,15,1,0,2,0,0,4,2,0,1,0,6,11,2,0
5,1,1,5,1,0,0,3,0,0,1,0,0,11,0,0
5,21,1,0,2,0,0,2,0,0,1,0,0,11,0,0
21,42,1,1,1,0,0,2,0,0,1,0,0,11,2,0
22,47,1,3,1,0,0,2,0,0,1,0,0,11,2,0
14,16,1,0,2,0,1,3,0,0,1,0,1,12,1,0
23,19,0,0,2,0,0,1,0,0,1,1,3,12,2,0
8,56,0,0,2,0,0,0,0,0,1,1,5,1,3,0
10,27,1,1,1,0,0,2,0,0,1,0,6,1,3,0
11,26,1,1,1,0,0,2,1,0,1,0,0,2,3,0
15,46,1,1,1,0,0,2,1,0,1,0,0,2,1,0
17,15,1,1,1,0,0,2,1,0,1,0,1,2,1,0
23,41,1,1,1,0,0,2,0,0,1,0,1,2,2,0
15,19,1,1,1,0,0,2,0,0,1,0,2,2,1,0
6,57,0,0,2,0,2,0,5,1,1,1,0,3,0,0
17,44,0,0,2,0,0,0,0,0,1,0,0,3,1,0
19,25,1,0,2,0,0,0,0,0,1,0,0,3,2,0
6,46,1,0,2,0,0,2,0,0,1,0,1,3,0,0
15,12,1,0,2,0,0,1,0,0,1,0,2,3,1,0
9,22,0,0,2,0,1,0,0,0,0,0,3,4,3,0
6,23,1,0,2,0,0,1,0,0,1,0,5,4,0,0
10,5,1,0,2,0,0,1,0,0,1,0,5,4,3,0
23,20,1,1,1,0,0,2,0,0,1,0,5,4,2,0
2,47,1,1,1,0,0,2,1,0,1,0,6,5,2,0
12,7,1,1,1,0,0,2,0,0,1,0,6,5,3,0
5,41,1,0,2,0,0,2,0,0,1,0,0,5,0,0
17,13,0,0,0,1,1,0,0,1,4,0,1,6,1,0
19,0,1,0,2,0,0,2,0,0,1,0,2,6,2,0
5,21,1,1,1,1,0,2,0,0,1,0,3,6,0,0
8,50,1,1,1,0,0,3,0,0,1,0,3,6,3,0
5,50,1,1,1,0,0,3,0,0,1,0,4,7,0,0
21,26,1,1,1,0,0,2,1,1,1,1,5,7,2,0
2,56,1,0,3,0,0,3,1,0,1,0,6,8,2,0
4,56,1,1,1,0,0,3,1,0,1,0,6,8,0,0
8,23,0,0,2,0,0,0,0,0,1,0,0,8,3,0
19,44,0,0,2,0,0,0,0,0,1,1,2,9,2,0
5,20,1,0,2,0,0,2,0,0,1,0,3,9,0,0
8,19,1,1,1,0,0,2,0,0,1,0,3,9,3,0
11,21,1,1,1,1,0,3,0,0,1,0,4,9,3,0
18,19,1,1,1,0,0,3,1,0,1,0,4,9,1,0
23,50,1,1,1,0,0,2,1,0,1,0,4,9,2,0
10,7,1,1,1,0,0,1,0,0,1,0,4,10,3,0
6,31,1,0,2,0,0,3,0,0,1,0,0,11,0,0
12,18,1,1,1,0,0,1,0,0,1,1,0,11,3,0
16,4,1,1,1,0,0,1,1,0,1,0,1,11,1,1
12,47,1,5,1,0,0,2,1,0,1,1,2,11,3,0
10,2,1,5,1,0,1,3,0,0,1,0,2,12,3,0
4,5,1,1,1,0,0,2,0,0,1,0,3,12,0,0
19,15,1,0,2,0,0,1,0,0,1,0,4,12,2,0
10,26,1,1,1,0,0,2,0,0,1,0,5,1,3,0
16,28,0,0,2,0,1,0,4,0,1,1,5,1,1,0
19,40,1,0,2,1,0,1,3,0,1,0,6,1,2,0
20,24,1,0,2,0,0,3,0,0,1,0,1,2,2,0
21,47,1,1,1,0,0,3,0,1,1,0,1,2,2,0
4,0,1,0,2,0,0,0,0,0,1,0,2,2,0,0
20,1,1,1,1,0,0,1,0,0,1,0,2,2,2,0
14,30,1,0,2,0,0,1,0,0,1,0,2,3,1,0
13,26,1,1,1,0,0,2,1,0,1,0,3,3,1,0
14,26,1,1,1,0,0,3,0,0,1,0,3,3,1,0
8,21,1,0,2,0,0,2,0,0,1,0,4,4,3,0
20,26,1,1,1,0,0,1,0,0,1,0,4,4,2,0
17,31,1,0,2,0,0,3,1,1,1,0,6,4,1,1
2,24,1,0,2,0,0,1,0,0,1,0,6,5,2,0
8,13,0,0,0,0,0,0,0,0,0,0,6,5,3,0
1,40,1,0,2,0,0,1,3,0,1,0,0,5,2,0
10,46,1,0,2,0,0,1,0,0,2,0,2,6,3,0
18,39,1,1,1,0,0,1,0,0,1,0,2,6,1,0
15,47,1,1,1,0,0,2,0,0,1,0,3,6,1,0
16,32,1,1,1,0,0,2,1,0,1,1,4,6,1,0
6,30,1,4,1,1,0,3,0,0,1,0,4,7,0,0
22,20,1,1,1,0,0,3,0,0,1,0,4,7,2,0
1,26,1,1,1,0,0,2,4,1,1,0,6,7,2,0
7,7,1,1,1,0,0,3,4,1,1,0,6,7,3,0
16,47,1,1,1,0,0,2,1,0,1,1,2,8,1,0
19,42,1,1,1,0,0,3,0,0,1,0,2,8,2,0
6,8,0,0,2,0,0,0,0,0,1,0,3,9,0,0
8,46,1,1,1,0,1,2,0,0,1,0,3,9,3,0
14,58,0,0,3,0,0,0,0,1,1,0,3,9,1,0
4,19,1,1,1,0,0,2,1,0,1,0,4,9,0,0
8,59,0,0,2,0,0,0,5,1,0,0,4,9,3,0
6,24,1,0,2,0,0,3,0,0,1,0,5,9,0,0
20,12,1,1,1,1,0,3,0,0,1,0,5,10,2,0
3,24,1,0,2,0,0,2,0,0,1,0,6,10,0,0
19,34,1,0,2,0,0,2,0,0,1,1,6,10,2,0
20,26,1,0,2,0,0,3,0,0,1,0,6,10,2,0
14,47,1,1,1,0,0,2,1,0,1,0,0,10,1,0
18,53,0,1,1,0,0,0,0,0,1,0,0,10,1,0
19,26,1,0,2,0,0,1,0,0,1,0,0,10,2,0
5,26,1,1,1,0,0,1,1,0,1,0,1,11,0,1
17,42,1,0,2,0,0,2,4,1,1,1,3,11,1,0
4,42,1,1,1,0,0,2,0,0,1,0,5,12,0,0
20,15,1,1,1,0,0,2,0,0,1,0,5,12,2,0
5,34,0,0,2,0,0,0,0,0,1,0,6,1,0,0
20,8,0,0,2,0,0,0,0,0,1,1,6,1,2,0
4,48,1,0,2,0,0,0,0,0,1,0,0,1,0,0
8,20,1,0,2,0,0,3,1,0,1,0,0,1,3,0
15,44,0,0,2,0,0,0,0,0,1,0,0,1,1,0
13,11,1,1,1,0,0,2,1,0,1,0,2,2,1,0
15,12,1,0,2,0,0,1,0,0,1,0,2,2,1,0
16,60,1,1,1,1,0,3,0,0,1,0,2,2,1,0
6,42,1,4,1,0,0,3,1,0,1,0,3,2,0,0
8,7,1,1,1,0,0,2,0,0,1,0,5,4,3,0
14,35,1,1,1,0,1,1,0,0,1,0,5,4,1,0
22,15,1,0,2,0,0,1,0,0,2,0,0,5,2,0
13,19,0,0,2,0,0,1,0,0,1,0,2,5,1,0
7,41,1,1,1,0,0,2,0,0,1,0,5,6,3,0
20,31,1,0,2,0,0,1,0,0,1,0,5,6,2,0
23,23,0,0,2,0,0,0,0,0,1,0,5,6,2,0
2,14,0,0,3,0,0,0,0,0,1,0,6,7,2,0
18,37,1,1,1,0,0,2,0,0,1,0,6,7,1,0
6,21,1,1,1,1,3,4,1,0,1,0,1,8,0,0
7,19,1,1,1,0,3,3,0,0,1,0,1,8,3,0
7,5,1,1,1,0,3,3,0,0,1,0,1,8,3,0
6,26,1,1,1,1,0,2,0,0,1,0,2,8,0,0
7,33,0,1,1,0,0,0,0,0,0,0,2,8,3,0
19,44,0,0,0,0,0,0,0,0,1,0,2,8,2,0
6,48,1,1,1,0,0,3,0,0,1,0,4,9,0,0
1,42,1,1,1,0,0,2,5,1,1,0,5,9,2,0
18,61,1,5,1,0,0,2,0,0,1,0,6,9,1,0
8,4,0,1,1,0,1,0,1,0,0,0,0,10,3,0
10,50,1,1,1,0,0,3,0,0,1,0,0,10,3,0
13,15,1,1,1,0,0,2,1,0,1,0,0,10,1,0
15,45,1,1,1,0,0,2,0,0,1,0,1,10,1,0
19,26,1,1,1,0,0,1,1,0,1,0,2,11,2,0
7,26,1,1,1,0,0,2,0,0,1,1,3,11,3,0
19,35,1,5,1,0,0,2,1,0,1,0,3,11,2,0
1,49,1,2,1,0,0,3,0,1,1,0,4,12,2,0
16,2,1,1,1,0,1,4,0,0,1,0,4,12,1,0
19,25,0,0,2,0,0,0,0,0,1,0,4,12,2,0
10,35,1,5,1,0,0,2,0,0,1,0,5,12,3,0
23,24,1,0,2,0,0,2,0,0,1,0,5,12,2,0
22,35,1,1,1,0,0,2,1,0,1,1,6,12,2,0
9,2,1,1,1,0,0,1,0,0,1,0,0,1,3,0
2,42,1,1,1,0,0,3,0,0,1,0,4,2,2,0
18,31,1,1,1,0,0,2,1,0,1,0,4,2,1,0
11,15,1,1,1,1,0,2,0,0,1,1,5,2,3,0
17,10,1,0,2,0,0,1,0,0,1,0,3,3,1,0
19,35,1,1,1,0,0,0,0,0,1,0,4,3,2,0
4,12,0,0,2,0,0,1,0,0,1,0,6,4,0,1
9,26,1,4,1,0,1,1,0,0,1,0,6,4,3,1
5,14,0,0,2,0,0,0,0,1,1,1,0,4,0,0
18,19,1,1,1,0,0,1,0,0,1,0,1,4,1,1
12,4,1,1,1,0,0,3,1,0,1,0,3,5,3,0
18,2,1,5,1,0,0,3,0,1,1,0,3,5,1,0
9,20,1,1,1,0,0,1,0,0,2,0,4,6,3,0
2,36,0,0,2,0,0,0,0,1,1,0,6,6,2,0
5,11,1,1,1,0,0,2,1,0,1,0,6,6,0,0
13,30,1,1,1,0,0,3,7,0,1,0,6,7,1,0
9,7,1,5,1,1,0,3,0,0,1,0,2,8,3,0
0,15,1,1,1,0,0,2,0,0,1,0,3,8,2,0
4,5,1,1,1,1,0,2,1,0,1,0,3,8,0,0
21,28,0,0,3,0,0,0,0,0,1,0,3,8,2,0
9,61,1,1,1,0,0,2,1,0,1,1,4,8,3,0
17,16,1,0,2,1,0,3,0,0,1,0,5,9,1,0
3,10,1,0,2,0,0,2,0,0,1,0,0,9,0,0
5,10,1,0,2,1,0,2,0,0,1,0,0,10,0,0
23,37,1,1,1,0,0,2,1,0,1,0,2,10,2,0
14,19,1,1,1,0,0,3,1,1,1,0,4,11,1,0
17,12,1,0,2,0,0,1,0,0,1,0,4,11,1,0
22,42,0,0,2,0,0,0,4,1,1,1,5,11,2,0
12,15,1,1,1,0,1,3,1,0,1,0,5,12,3,0
21,19,1,0,2,0,0,3,0,0,1,0,5,12,2,0
0,4,1,0,2,0,0,0,0,0,1,0,6,12,2,0
12,7,1,0,2,0,0,1,0,0,1,0,6,12,3,0
10,15,1,1,1,0,0,2,4,0,1,0,0,12,3,0
18,7,1,1,1,0,0,2,1,0,1,1,0,12,1,0
19,56,0,0,2,0,0,0,0,0,1,0,1,1,2,1
2,46,1,6,1,0,0,1,1,0,1,0,2,1,2,0
4,35,1,1,1,0,0,2,1,0,1,1,3,1,0,0
7,21,1,0,2,0,0,2,1,0,1,0,4,2,3,0
2,30,1,0,2,0,0,1,0,0,1,0,5,2,2,0
16,39,1,1,1,0,0,1,0,0,1,0,4,3,1,0
22,5,1,0,2,0,0,1,0,0,1,1,6,3,2,0
2,22,0,0,2,1,1,0,0,0,1,0,0,4,2,0
0,35,1,1,1,0,0,2,1,0,1,0,2,4,2,1
13,1,1,4,1,0,0,0,1,0,1,0,2,4,1,1
16,44,0,0,2,0,0,0,4,0,1,0,2,4,1,1
21,12,0,0,2,0,0,1,0,0,1,1,4,5,2,0
0,16,1,0,2,0,0,3,0,0,1,1,0,6,2,0
6,35,1,1,1,0,0,2,1,0,1,0,0,6,0,0
20,21,1,0,2,0,0,2,4,0,1,0,0,6,2,0
14,35,0,1,1,0,0,3,0,0,1,0,0,7,1,0
19,31,1,1,1,0,0,2,0,0,1,0,0,7,2,0
23,21,1,1,1,0,0,2,0,0,1,0,1,7,2,0
2,9,1,0,2,0,0,2,0,1,1,0,2,7,2,0
20,19,1,1,1,0,0,2,2,1,1,0,2,7,2,0
12,22,0,0,2,0,1,0,0,0,1,0,3,8,3,0
19,26,1,5,1,0,0,3,1,0,1,0,4,8,2,0
22,56,0,0,2,0,0,0,0,0,1,0,5,8,2,0
19,19,1,1,1,0,0,3,0,0,1,0,6,9,2,0
3,4,1,0,0,0,0,0,4,1,0,0,0,9,0,0
15,2,1,1,1,0,0,2,1,0,1,0,2,10,1,0
6,4,0,6,1,0,0,0,0,0,1,0,3,10,0,0
14,21,1,1,1,0,0,2,0,0,1,0,3,10,1,0
20,12,1,0,0,0,0,2,0,0,1,0,3,10,2,0
3,15,1,2,1,0,0,2,2,0,1,0,4,11,0,0
15,21,1,0,2,0,0,2,3,0,1,0,4,11,1,0
19,29,1,0,2,0,0,3,0,0,1,0,4,11,2,0
19,15,1,1,1,0,0,2,0,0,1,0,4,11,2,0
5,18,1,1,1,0,0,2,0,0,1,1,5,11,0,0
20,4,1,0,2,0,0,1,0,0,1,0,5,11,2,0
10,20,1,1,1,0,0,2,0,1,1,0,6,11,3,0
20,12,0,0,2,0,0,1,4,0,1,0,6,11,2,0
9,56,0,0,2,0,1,0,0,0,1,0,6,12,3,0
0,48,1,0,3,0,0,2,0,0,1,0,0,12,2,0
18,21,1,1,1,0,0,2,0,0,1,0,0,12,1,0
8,44,0,0,2,0,1,0,0,0,1,0,1,12,3,0
10,2,1,1,1,0,0,3,0,1,1,0,1,12,3,0
14,35,1,1,1,0,0,1,3,0,1,0,3,1,1,0
6,15,1,1,1,1,0,2,1,0,1,1,4,1,0,0
8,46,1,0,2,1,0,3,1,0,1,0,5,2,3,0
17,19,1,1,1,1,0,3,1,0,1,0,5,2,1,0
18,50,1,4,1,1,0,3,1,0,1,0,5,2,1,0
20,42,1,1,1,0,0,1,1,0,1,0,5,2,2,0
15,35,1,1,1,1,0,3,1,0,1,0,6,2,1,0
3,56,0,0,2,0,0,0,0,0,1,1,5,3,0,0
7,34,0,0,2,0,0,0,1,0,1,1,6,3,3,0
14,44,0,0,2,0,0,0,4,0,1,1,6,3,1,0
15,23,1,0,2,0,0,2,0,0,1,0,0,3,1,0
23,35,1,5,1,0,0,3,0,0,1,0,0,3,2,0
21,31,1,0,2,0,0,1,0,0,1,0,1,4,2,1
15,62,0,0,0,0,0,0,4,0,4,0,4,5,1,0
10,30,1,5,1,0,0,3,1,0,1,0,5,5,3,0
18,8,1,0,2,0,0,0,0,0,1,1,6,6,1,0
18,28,0,0,2,1,0,0,0,0,1,0,6,6,1,0
15,24,1,1,1,0,0,2,0,1,1,0,1,6,1,0
21,26,1,1,1,0,0,2,4,0,1,0,1,6,2,0
7,35,1,1,1,1,0,3,0,0,1,0,1,7,3,0
4,24,1,1,1,0,0,2,0,0,1,0,2,7,0,0
17,5,1,1,1,0,0,2,0,0,1,0,2,7,1,0
0,42,1,1,1,0,0,2,1,1,1,0,3,7,2,0
22,2,1,1,1,0,0,2,0,1,1,1,3,7,2,0
0,63,1,0,2,0,0,3,0,1,1,0,4,8,2,0
9,15,1,1,1,0,3,4,1,0,1,0,4,8,3,0
16,19,1,2,1,0,0,4,0,0,1,0,4,8,1,0
5,56,0,0,2,0,2,0,0,1,1,1,5,8,0,0
15,64,0,0,2,0,0,0,0,1,1,1,5,8,1,0
17,37,1,0,3,0,0,2,1,0,1,0,5,8,1,0
18,42,1,1,1,0,0,3,0,0,1,0,5,8,1,0
18,34,1,0,2,0,0,2,0,0,1,1,5,8,1,0
5,31,1,0,2,0,0,2,0,1,1,0,6,8,0,0
12,43,0,0,2,0,0,0,4,1,1,0,0,9,3,0
15,35,1,1,1,0,0,2,0,0,1,0,1,9,1,0
21,19,1,1,1,0,0,2,0,0,1,0,1,9,2,0
0,30,1,0,2,0,0,2,0,0,1,0,2,9,2,0
7,56,0,0,0,0,2,0,4,1,1,0,2,9,3,0
7,15,1,1,1,0,0,4,0,0,1,0,2,10,3,0
8,31,1,0,2,0,0,1,6,0,1,0,2,10,3,0
3,2,1,1,1,0,0,2,0,0,1,0,4,10,0,0
10,37,1,1,1,0,0,2,1,0,1,0,5,11,3,0
18,37,1,1,1,0,0,2,1,0,1,0,5,11,1,0
21,34,0,0,2,0,0,0,1,0,1,0,5,11,2,0
18,21,1,1,1,0,0,3,0,0,1,0,6,11,1,0
23,15,1,1,1,0,0,3,0,0,1,0,6,11,2,0
13,44,0,0,2,0,0,0,0,0,1,0,0,11,1,0
19,25,0,0,2,0,0,0,0,0,1,0,0,12,2,0
21,27,1,4,1,0,0,0,0,1,0,0,0,12,2,0
13,21,1,1,1,0,0,2,1,0,1,0,1,12,1,0
21,15,1,1,1,0,0,2,0,0,1,0,1,12,2,0
1,12,1,2,1,0,0,2,0,1,1,0,3,1,2,0
6,37,1,1,1,0,0,1,0,0,1,0,3,1,0,0
15,26,0,4,1,0,0,0,0,0,4,0,4,1,1,0
20,10,1,0,2,0,0,2,0,0,1,0,4,1,2,0
1,7,1,1,1,0,0,2,0,0,1,0,5,1,2,0
1,34,0,0,2,0,0,0,0,0,1,1,5,1,2,0
5,45,1,2,1,0,0,1,0,0,1,0,0,2,0,0
15,21,1,1,1,0,0,3,1,0,1,0,0,2,1,0
13,5,1,4,1,0,0,3,1,0,1,0,1,2,1,0
23,12,1,0,2,0,0,1,0,0,1,0,1,2,2,0
3,7,1,0,2,0,0,3,1,0,1,0,6,3,0,0
15,65,0,0,2,0,0,0,4,0,4,1,0,3,1,0
17,39,1,1,1,0,0,1,0,0,1,0,2,4,1,1
23,24,1,1,1,0,0,2,1,1,1,0,4,4,2,0
17,37,1,1,1,0,0,1,0,0,1,0,4,5,1,0
7,21,1,1,1,1,0,3,1,0,1,1,6,5,3,0
16,12,1,0,2,0,0,1,0,1,1,0,6,5,1,0
22,56,1,0,2,0,0,3,0,1,1,0,6,5,2,0
23,1,1,1,1,0,0,4,1,1,1,1,6,5,2,0
17,44,0,2,1,0,0,0,0,0,0,0,0,6,1,0
18,37,1,1,1,0,0,2,1,0,1,0,2,7,1,0
17,36,1,0,2,0,0,3,4,0,1,0,3,7,1,0
9,35,1,1,1,1,0,2,0,0,1,0,4,7,3,0
15,7,1,1,1,0,3,4,0,0,1,0,5,8,1,0
5,42,1,1,1,0,0,3,0,0,1,0,6,8,0,0
5,19,1,0,2,0,0,1,0,0,1,0,6,8,0,0
10,7,1,1,1,0,0,2,0,0,1,0,6,8,3,0
22,2,1,1,1,0,0,3,0,0,1,0,6,8,2,0
6,47,1,5,1,0,0,2,0,0,1,0,0,8,0,0
23,2,1,1,1,0,0,3,1,1,1,0,0,8,2,0
21,15,1,0,2,0,0,3,0,0,1,0,1,9,2,0
12,55,0,0,2,0,0,0,4,1,2,0,2,9,3,0
9,66,0,0,2,0,0,0,0,0,1,0,3,9,3,0
17,63,1,1,1,0,0,3,0,1,4,0,3,9,1,0
18,4,1,1,1,0,0,3,1,0,1,0,3,9,1,0
8,12,1,0,2,0,0,3,0,0,1,0,3,10,3,0
22,47,1,1,1,0,0,1,2,1,1,0,3,10,2,0
0,4,1,4,1,0,0,3,1,1,1,0,0,11,2,0
16,14,0,0,2,0,0,0,0,0,1,0,1,11,1,1
6,15,1,0,2,0,0,3,1,0,1,0,1,12,0,0
5,40,0,0,2,0,0,0,0,1,1,0,3,12,0,0
6,12,0,0,2,0,0,1,0,0,1,0,3,12,0,0
20,48,0,0,2,0,0,0,0,0,1,1,6,1,2,0
4,4,1,1,1,0,0,1,0,0,1,0,1,2,0,0
11,7,1,1,1,1,0,3,1,0,1,0,1,2,3,0
19,15,1,1,1,0,0,3,0,0,1,0,2,2,2,0
9,0,0,0,0,0,0,0,0,0,1,0,0,3,3,0
0,41,1,0,2,0,3,3,0,0,1,0,2,3,2,0
13,4,1,1,1,0,0,0,0,0,1,0,3,4,1,0
20,8,1,0,2,0,0,3,0,0,1,1,6,5,2,0
12,2,1,1,1,0,0,1,0,0,1,0,1,6,3,0
15,8,0,0,2,0,0,0,0,0,1,0,2,6,1,0
4,21,1,0,2,1,0,2,0,0,1,0,3,7,0,0
0,45,1,2,1,0,0,2,0,0,1,0,0,8,2,0
6,50,1,1,1,0,0,2,1,0,1,0,2,9,0,0
19,60,1,1,1,0,0,1,1,0,1,0,4,9,2,0
22,33,1,0,2,0,0,1,0,0,1,0,5,10,2,0
7,2,1,1,1,0,0,1,0,0,1,0,6,10,3,0
11,67,1,1,1,0,0,3,1,0,1,0,6,10,3,0
19,44,0,0,2,0,0,0,0,0,1,1,6,10,2,0
20,20,1,1,1,0,0,3,0,0,1,0,6,10,2,0
21,16,1,1,1,0,0,3,0,0,1,0,6,10,2,0
12,23,1,0,2,0,0,2,0,0,1,0,1,11,3,1
23,21,1,0,2,0,0,2,0,0,1,0,1,11,2,1
6,15,1,1,1,0,0,2,4,0,1,0,2,11,0,0
7,42,1,1,1,0,0,2,0,0,1,0,2,11,3,0
11,26,1,4,1,0,0,3,0,0,1,0,2,11,3,0
17,26,1,0,2,0,0,0,0,1,1,1,2,11,1,0
19,27,1,1,1,0,0,3,0,0,1,0,2,12,2,0
21,7,1,1,1,0,0,3,0,0,1,0,3,12,2,0
18,7,1,1,1,0,0,2,0,0,1,0,5,1,1,0
8,35,1,1,1,1,0,3,1,0,1,0,1,2,3,0
18,67,1,1,1,1,0,3,0,0,1,0,1,2,1,0
13,30,1,1,1,0,0,2,0,0,1,0,2,2,1,0
11,35,1,5,1,0,0,2,0,0,1,0,3,2,3,0
16,9,1,1,1,0,0,1,0,0,1,0,1,3,1,0
22,26,1,1,1,0,0,2,0,0,1,0,3,3,2,0
7,60,1,1,1,0,0,3,0,0,1,0,4,4,3,0
4,47,1,1,1,0,0,1,0,0,1,0,6,4,0,1
6,68,1,0,2,0,3,1,0,0,2,0,2,6,0,0
8,21,1,1,1,0,0,1,0,0,1,0,2,6,3,0
1,35,1,1,1,1,0,2,1,0,1,0,3,6,2,0
9,19,1,1,1,0,0,1,1,0,1,0,3,6,3,0
20,20,1,0,2,0,0,2,0,1,1,0,4,6,2,0
7,21,1,1,1,1,0,4,1,0,1,0,4,7,3,0
14,9,1,4,1,0,0,3,0,0,0,0,5,7,1,0
3,35,1,1,1,0,0,2,1,0,1,1,6,7,0,0
5,28,0,0,2,0,2,0,0,0,1,0,0,8,0,0
9,19,1,1,1,0,0,1,1,0,1,0,0,8,3,0
15,46,1,0,2,0,0,2,0,0,1,1,2,8,1,0
1,41,1,0,2,0,0,3,0,0,1,0,5,9,2,0
17,31,1,0,2,0,0,1,0,0,1,0,5,9,1,0
19,41,1,0,2,0,0,2,0,0,1,0,5,9,2,0
10,23,0,0,2,0,0,0,0,0,1,0,0,10,3,0
12,19,1,4,1,0,0,3,0,0,4,0,0,10,3,0
8,69,0,0,2,0,0,0,0,0,1,0,1,11,3,1
12,14,1,0,2,0,0,3,0,0,1,0,1,11,3,1
5,15,1,0,2,0,0,2,0,0,1,0,2,11,0,0
5,13,1,5,1,0,0,3,0,0,1,0,2,11,0,0
20,61,1,1,1,0,0,2,0,0,1,0,2,11,2,0
20,1,1,1,1,0,0,3,0,0,1,0,3,12,2,0
5,14,0,0,2,0,0,0,0,0,1,0,6,1,0,0
7,31,1,1,1,0,0,3,1,0,1,0,0,1,3,0
12,19,1,1,1,1,0,3,1,0,1,0,1,1,3,1
17,10,1,0,2,0,0,2,0,0,1,0,1,1,1,1
23,23,1,4,1,0,0,3,1,0,1,0,1,1,2,1
11,30,1,1,1,0,0,3,1,0,1,0,2,2,3,0
5,8,0,0,2,0,0,0,0,0,1,0,3,2,0,0
6,26,1,1,1,0,0,3,0,0,1,0,4,2,0,0
10,21,1,1,1,0,1,1,0,0,1,0,2,3,3,0
17,66,1,1,1,0,0,1,0,0,1,0,2,3,1,0
19,7,1,1,1,0,0,3,0,0,1,0,4,3,2,0
2,30,1,7,1,0,0,3,0,0,1,0,1,5,2,1
3,47,1,5,1,0,0,2,0,0,1,0,4,6,0,0
0,12,1,0,2,0,0,1,0,0,1,0,5,6,2,0
1,31,1,0,2,0,0,1,0,1,1,0,5,6,2,0
9,50,1,1,1,1,0,2,0,0,1,1,5,6,3,0
1,19,1,1,1,1,0,3,1,0,1,0,5,7,2,0
0,35,1,0,2,0,0,2,0,0,1,0,6,7,2,0
6,56,0,0,2,0,0,0,4,0,1,1,1,8,0,0
8,35,1,1,1,0,0,1,0,0,1,0,1,8,3,0
15,48,1,1,1,0,0,3,0,0,1,0,1,8,1,0
6,2,1,1,1,0,0,2,1,0,1,0,2,8,0,0
11,5,1,1,1,0,0,2,0,0,1,1,3,8,3,0
13,47,1,1,1,0,0,2,0,0,1,0,6,10,1,0
16,42,1,1,1,0,0,3,0,0,1,0,6,10,1,0
5,56,0,0,2,0,0,0,0,0,1,0,1,10,0,0
16,55,0,0,0,0,4,0,4,1,4,0,1,10,1,0
23,14,0,0,2,0,0,0,0,0,1,0,1,10,2,0
5,12,1,0,2,0,0,3,0,0,1,0,2,11,0,0
10,39,1,1,1,0,0,3,1,0,1,0,2,11,3,0
7,26,1,6,1,0,0,2,1,1,1,0,6,12,3,0
10,56,0,0,2,0,0,0,0,0,1,0,6,12,3,0
17,27,0,0,3,0,0,0,0,1,1,0,1,1,1,1
6,21,1,1,1,0,0,2,1,0,1,1,2,1,0,0
12,24,1,4,1,0,0,3,0,0,1,0,2,1,3,0
23,7,1,1,1,0,0,3,0,0,1,0,2,1,2,0
15,2,0,4,1,0,0,0,8,1,4,0,3,2,1,0
18,30,1,0,2,0,0,1,0,0,1,0,3,2,1,0
21,50,1,2,1,0,0,1,4,0,1,0,4,2,2,0
6,7,1,1,1,0,0,3,1,0,1,0,5,2,0,0
23,36,1,0,2,0,0,1,0,0,1,0,3,3,2,0
18,14,1,0,3,0,0,3,0,0,1,0,4,3,1,0
16,26,1,1,1,0,0,2,0,0,1,0,5,3,1,0
6,34,0,0,2,0,0,0,0,0,1,1,0,4,0,0
12,31,1,0,2,0,0,1,0,0,1,0,1,5,3,1
6,23,1,0,2,0,0,1,0,0,1,0,5,6,0,0
9,21,1,1,1,0,0,2,0,0,1,0,5,6,3,0
20,37,1,1,1,0,0,2,0,0,1,0,5,6,2,0
23,26,1,1,1,0,0,2,1,0,1,0,5,6,2,0
6,31,1,0,2,0,0,1,0,1,1,0,6,6,0,0
11,48,1,0,0,0,0,3,0,0,1,0,6,6,3,0
4,56,1,0,2,0,0,0,1,0,1,1,6,7,0,0
15,13,0,0,3,0,0,0,4,0,1,0,6,7,1,0
19,42,1,0,2,0,0,3,0,0,1,0,6,7,2,0
4,19,1,0,2,0,0,2,0,0,1,0,0,7,0,0
14,21,1,1,1,0,0,4,1,0,1,1,1,7,1,0
9,61,1,1,1,0,0,3,0,0,1,0,2,8,3,0
19,23,1,0,2,0,3,0,0,0,1,0,2,8,2,0
3,58,0,0,3,0,2,0,0,0,1,0,3,8,0,0
7,56,0,0,2,0,0,0,0,1,1,0,4,8,3,0
21,12,1,1,1,0,0,0,4,0,1,0,4,8,2,0
19,25,0,0,2,0,0,0,0,0,1,0,5,9,2,0
18,31,1,1,1,0,0,3,0,0,1,0,6,9,1,0
14,61,1,1,1,0,0,2,0,0,1,0,0,10,1,0
18,20,1,1,1,0,0,3,1,0,1,0,0,10,1,0
7,26,1,1,1,0,0,2,1,0,1,0,2,10,3,0
19,3,1,0,2,0,0,3,0,0,1,0,2,10,2,0
18,25,0,0,2,0,0,0,0,0,1,0,3,11,1,0
18,15,1,1,1,0,0,2,2,0,1,1,4,11,1,0
0,9,1,0,2,0,0,2,0,1,1,0,5,11,2,0
7,26,1,4,1,0,0,4,4,1,1,0,5,11,3,0
12,21,1,1,1,0,1,3,1,0,1,0,5,12,3,0
20,50,1,1,1,0,0,3,0,0,1,0,5,12,2,0
3,12,1,0,2,0,0,2,0,0,1,0,6,12,0,0
7,4,1,6,1,0,0,2,6,1,0,0,6,12,3,0
8,35,1,5,1,0,0,3,1,0,1,1,0,12,3,0
16,39,1,1,1,1,0,2,1,0,1,1,0,12,1,0
22,21,1,1,1,1,0,2,0,0,1,1,0,12,2,0
9,4,1,1,1,0,0,2,0,0,1,0,1,1,3,1
16,7,1,1,1,0,0,2,1,0,1,0,2,1,1,0
5,20,1,0,2,0,0,2,0,0,1,1,3,1,0,0
6,19,1,1,1,0,0,2,1,1,1,0,3,1,0,0
20,35,1,1,1,0,0,2,1,0,1,0,4,2,2,0
10,12,1,0,2,0,0,1,0,0,1,0,5,2,3,0
19,3,1,0,3,0,0,3,1,0,1,0,5,2,2,0
8,20,1,1,1,0,0,1,0,0,1,0,4,3,3,0
15,55,1,0,2,0,0,0,4,1,1,1,4,3,1,0
5,10,1,0,2,0,0,2,0,0,1,0,6,3,0,0
6,10,1,0,2,0,0,2,0,0,1,0,6,3,0,0
6,19,1,1,1,0,0,3,0,0,1,0,6,3,0,0
10,41,1,1,1,0,0,2,0,0,1,0,6,3,3,0
19,20,1,0,2,0,0,1,0,0,1,0,0,4,2,0
22,48,1,0,2,0,0,3,0,1,1,0,2,4,2,1
6,31,1,0,2,0,0,2,0,0,1,0,4,5,0,0
2,8,0,0,2,0,0,0,0,0,1,1,5,6,2,0
12,49,1,1,1,0,0,1,0,0,1,0,5,6,3,0
3,4,1,0,2,0,0,2,4,0,1,0,6,6,0,0
6,47,1,1,1,1,0,2,1,0,1,0,6,6,0,0
7,70,0,0,2,0,0,0,0,1,1,0,6,6,3,0
22,10,1,0,2,0,0,2,0,0,1,0,6,6,2,0
3,15,1,1,1,0,0,2,1,1,1,0,0,6,0,0
16,4,1,4,1,0,0,3,0,1,1,0,0,6,1,0
22,21,1,0,2,0,0,2,0,1,1,0,0,6,2,0
20,37,1,1,1,0,0,2,0,0,1,0,1,7,2,0
13,31,1,0,2,0,1,4,0,0,1,0,3,8,1,0
3,15,1,1,1,1,0,2,0,0,1,0,4,8,0,0
15,31,1,4,1,0,0,2,0,0,1,0,4,8,1,0
9,19,1,1,1,0,1,2,1,0,1,0,6,9,3,0
6,42,1,1,1,0,0,1,0,0,1,0,0,9,0,0
6,35,1,5,1,0,0,2,1,0,1,0,1,9,0,0
8,24,1,0,2,0,0,2,0,0,1,0,1,9,3,0
23,12,1,0,2,0,0,1,0,0,1,0,1,10,2,0
6,9,1,0,2,0,0,2,0,0,1,0,3,10,0,0
14,5,1,1,1,0,0,3,0,0,1,0,4,11,1,0
5,31,1,0,2,0,0,1,0,0,1,0,5,11,0,0
17,39,1,1,1,0,0,3,0,0,1,0,5,11,1,0
5,24,1,0,2,0,0,2,0,0,1,1,6,11,0,0
14,23,1,0,2,0,0,3,4,1,1,0,6,11,1,0
1,14,0,0,2,0,0,0,0,0,1,1,6,12,2,0
2,7,1,0,2,0,0,3,1,0,1,0,6,12,2,0
5,19,1,1,1,0,0,3,1,0,1,0,6,12,0,0
2,10,1,0,2,0,0,2,0,0,1,0,0,12,2,0
9,10,1,0,2,0,0,2,0,0,1,0,0,12,3,0
22,21,1,1,1,1,0,2,1,0,1,0,0,12,2,0
23,4,1,1,1,0,0,3,0,0,4,0,0,12,2,0
5,34,1,0,0,0,0,3,1,0,4,0,1,12,0,0
18,24,1,1,1,0,0,2,1,0,1,0,1,12,1,0
2,23,1,0,2,0,0,1,0,0,1,0,6,2,2,0
5,42,1,1,1,0,0,2,0,0,1,0,0,2,0,0
7,20,1,0,2,0,0,3,0,0,1,0,0,2,3,0
19,39,1,1,1,0,0,3,1,0,1,0,0,2,2,0
7,21,1,1,1,0,0,1,0,0,1,0,5,3,3,0
9,56,1,0,2,0,0,0,0,0,1,0,5,3,3,0
11,22,0,0,2,0,0,0,0,0,1,1,5,3,3,0
14,46,1,0,2,0,0,0,1,0,1,0,5,3,1,0
1,34,0,0,2,0,0,0,0,0,1,1,6,3,2,0
16,7,1,1,1,0,0,2,0,0,1,0,0,3,1,0
7,3,1,1,1,0,0,1,0,0,1,0,3,5,3,0
19,4,1,0,2,0,0,1,4,0,1,1,5,5,2,0
23,12,0,0,2,0,0,1,0,0,1,0,5,5,2,0
5,56,1,0,2,0,0,3,1,0,1,1,2,7,0,0
11,24,1,1,1,0,0,2,0,0,1,1,2,7,3,0
21,7,1,1,1,0,1,3,1,0,1,0,4,8,2,0
18,26,1,1,1,0,0,3,0,0,1,0,5,8,1,0
15,31,1,1,1,0,0,4,1,0,1,0,6,8,1,0
23,30,1,1,1,0,1,2,0,0,1,0,0,9,2,0
11,1,1,0,0,0,0,4,0,0,1,0,1,9,3,0
12,9,1,1,1,0,0,4,0,0,1,0,1,9,3,0
14,7,1,1,1,0,0,2,1,0,1,0,2,10,1,0
9,56,0,0,2,0,0,0,0,0,1,0,4,10,3,0
17,12,1,0,2,0,0,2,0,0,1,0,0,11,1,0
6,1,1,1,1,0,0,3,0,0,4,0,0,12,0,0
15,26,1,1,1,0,1,3,1,0,1,0,0,12,1,0
6,30,1,0,2,0,0,3,0,0,1,0,1,12,0,0
11,42,1,1,1,0,0,2,0,1,1,0,1,12,3,0
14,29,1,0,2,0,0,0,0,0,1,0,1,12,1,0
20,12,1,0,2,0,0,1,0,0,1,0,4,1,2,0
1,4,1,0,2,0,0,1,0,0,1,1,5,1,2,0
2,20,1,0,2,0,0,2,0,0,1,1,5,1,2,0
6,5,1,1,1,1,0,2,1,0,1,1,5,1,0,0
19,21,1,4,1,0,0,3,0,0,1,0,5,1,2,0
21,45,1,2,1,0,1,0,0,0,1,0,6,2,2,0
20,44,0,0,2,0,0,0,0,0,1,1,0,2,2,0
12,9,1,8,1,0,0,1,0,0,1,0,6,3,3,0
20,21,1,1,1,0,0,1,0,0,1,0,6,3,2,0
8,32,1,1,1,0,0,3,0,0,1,0,1,3,3,0
10,26,1,1,1,0,0,2,0,0,1,0,2,4,3,1
3,19,0,0,2,0,0,1,0,0,1,0,3,4,0,0
6,12,0,0,2,0,0,0,0,0,1,0,6,5,0,0
23,24,1,0,2,0,0,2,0,0,1,0,6,5,2,0
5,12,1,0,2,0,0,1,0,0,1,0,0,6,0,0
12,31,1,1,1,0,0,3,0,0,1,0,0,6,3,0
13,19,0,1,1,0,0,2,0,0,1,0,0,6,1,0
22,4,1,0,2,0,0,2,0,0,2,0,0,6,2,0
0,24,1,0,2,0,0,1,0,0,1,0,1,6,2,0
6,15,1,1,1,0,0,2,0,0,1,0,1,6,0,0
15,15,1,1,1,0,0,4,0,0,1,0,1,6,1,0
19,71,1,1,1,0,0,3,0,0,1,0,1,6,2,0
10,9,1,1,1,0,0,3,1,0,1,0,2,7,3,0
13,21,1,0,2,1,0,3,0,0,1,0,2,7,1,0
5,1,1,1,1,0,0,3,1,1,1,1,4,7,0,0
23,5,1,1,1,0,3,3,0,0,1,0,5,8,2,0
18,15,1,1,1,0,0,3,0,0,1,0,6,8,1,0
2,17,0,0,2,0,0,0,4,1,1,1,1,9,2,0
20,31,1,5,1,0,0,2,1,0,1,0,2,9,2,0
22,67,1,1,1,0,0,2,1,0,1,0,2,9,2,0
11,26,1,0,2,0,0,3,0,0,1,0,3,9,3,0
21,10,1,0,2,0,0,2,0,0,1,0,3,10,2,0
3,33,1,0,2,0,0,0,0,0,1,0,4,10,0,0
17,7,1,1,1,1,0,2,1,0,1,0,5,10,1,0
3,37,1,0,2,0,0,3,0,0,1,0,6,11,0,0
5,21,1,0,2,0,0,2,0,0,1,0,6,11,0,0
22,7,1,0,2,0,0,3,0,0,1,0,6,11,2,0
4,46,1,1,1,0,0,3,0,0,1,0,0,11,0,0
3,21,1,0,2,0,0,2,0,1,1,0,1,11,0,1
6,56,0,0,2,0,0,0,0,1,1,1,1,12,0,0
9,8,1,0,2,0,1,3,0,1,1,0,1,12,3,0
7,32,1,1,1,1,0,2,0,0,1,1,2,12,3,0
19,10,1,0,2,0,0,4,4,0,1,0,2,12,2,0
21,14,0,0,2,0,0,0,0,0,1,1,2,12,2,0
22,12,1,0,2,0,0,2,0,0,1,0,2,12,2,0
22,20,1,0,2,0,0,3,0,0,1,0,5,1,2,0
6,23,1,0,2,0,0,0,0,0,1,1,6,1,0,0
22,7,1,1,1,0,0,2,0,0,1,0,6,1,2,0
7,9,1,0,2,0,0,2,1,0,1,0,0,2,3,0
14,14,1,0,2,0,0,0,0,0,1,0,0,2,1,0
10,56,0,0,2,0,0,0,0,0,1,0,1,2,3,0
10,41,1,1,1,0,0,3,1,0,1,0,2,2,3,0
21,30,1,0,2,0,0,2,0,0,1,0,2,2,2,0
19,31,1,0,2,0,0,2,0,0,1,0,2,3,2,0
22,20,1,0,2,0,0,1,0,0,1,0,3,4,2,0
3,35,1,1,1,0,0,2,1,0,1,0,5,4,0,0
9,31,1,1,1,0,0,1,4,0,1,0,5,4,3,0
20,10,1,0,2,0,0,2,0,0,1,0,0,5,2,0
2,9,1,0,2,0,0,3,0,0,1,0,1,6,2,0
13,15,1,1,1,0,0,2,0,0,1,0,1,6,1,0
21,12,1,0,2,0,0,2,0,0,1,0,1,6,2,0
6,19,1,1,1,0,0,2,1,1,1,0,3,6,0,0
8,9,1,1,1,0,0,2,0,0,1,1,3,6,3,0
15,31,1,1,1,1,0,3,1,0,1,0,3,7,1,0
21,28,0,0,2,0,3,0,0,0,1,0,3,7,2,0
19,66,1,0,2,0,0,0,0,0,1,0,5,7,2,0
20,42,1,1,1,0,0,2,5,1,1,1,5,7,2,0
21,3,1,1,1,0,0,4,4,0,1,0,5,7,2,0
4,21,1,1,1,1,3,4,1,0,1,0,6,8,0,0
18,40,1,0,2,0,3,2,0,0,1,0,6,8,1,0
22,28,0,0,0,0,0,0,0,0,0,0,6,8,2,0
23,20,1,0,2,0,3,3,1,0,1,0,6,8,2,0
15,5,1,1,1,0,0,3,4,1,1,0,1,8,1,0
9,35,1,0,2,0,0,2,0,0,1,0,4,9,3,0
13,20,1,8,1,1,0,2,1,0,1,0,4,10,1,0
16,15,1,1,1,0,0,4,1,0,1,0,4,10,1,0
2,21,1,1,1,0,0,3,1,0,1,0,6,10,2,0
5,66,0,0,2,0,0,0,0,0,1,0,6,10,0,0
12,5,1,0,2,0,0,1,0,0,1,0,6,10,3,0
20,28,0,0,2,0,0,0,0,1,1,0,0,11,2,0
19,19,1,1,1,0,0,3,1,0,1,0,1,11,2,1
5,14,1,0,2,0,0,3,0,0,1,1,2,11,0,0
23,10,1,0,2,0,0,4,0,0,1,1,2,11,2,0
6,21,1,0,2,0,0,3,0,0,1,0,2,12,0,0
13,31,1,1,1,0,0,3,0,0,1,0,3,12,1,0
17,35,1,1,1,0,0,3,0,0,1,1,4,12,1,0
13,15,1,1,1,0,0,2,0,0,1,0,5,1,1,0
17,10,1,0,2,0,0,2,0,0,1,0,5,1,1,0
12,22,0,0,2,0,0,0,4,0,1,1,6,1,3,0
1,7,1,5,1,0,0,3,0,0,1,0,0,1,2,0
21,37,1,0,2,0,0,3,0,0,1,0,1,2,2,0
9,21,1,1,1,0,0,4,0,0,1,0,2,2,3,0
15,47,1,1,1,0,0,3,0,0,1,0,3,2,1,0
19,49,1,1,1,0,0,3,0,0,1,0,3,2,2,0
12,26,1,1,1,0,0,2,0,0,1,0,6,4,3,1
14,2,1,1,1,0,0,3,4,0,1,0,6,4,1,1
23,1,1,0,0,0,0,4,0,0,1,0,0,5,2,0
0,15,1,1,1,0,0,1,0,0,1,0,2,6,2,0
14,31,1,1,1,0,0,2,0,0,1,0,2,6,1,0
15,35,1,1,1,0,0,2,0,0,2,0,2,6,1,0
23,12,1,1,1,0,0,2,1,0,1,0,4,6,2,0
16,42,1,1,1,0,0,3,0,0,1,1,5,7,1,0
4,9,1,0,2,0,0,2,0,1,1,0,6,7,0,0
13,46,1,0,2,0,0,2,0,0,1,0,1,8,1,0
6,5,1,1,1,1,0,2,4,0,1,0,2,8,0,0
12,24,1,0,2,0,0,2,0,0,1,0,3,9,3,0
20,72,0,0,2,0,0,0,0,0,1,0,4,9,2,0
1,34,1,0,2,0,0,3,0,0,1,1,5,9,2,0
17,10,1,0,2,1,0,2,0,0,1,0,5,10,1,0
3,25,1,4,1,0,0,3,6,0,4,0,6,10,0,0
7,12,0,0,2,0,0,0,0,0,1,0,0,10,3,0
22,3,1,4,1,1,0,3,1,0,1,0,1,11,2,1
18,10,1,0,2,0,0,2,1,0,1,0,2,11,1,0
19,12,1,0,2,0,0,2,0,0,1,0,3,12,2,0
23,7,1,1,1,0,0,3,0,0,1,0,4,12,2,0
4,9,1,0,2,0,0,2,0,0,1,1,5,12,0,0
17,37,1,1,1,0,0,2,1,0,1,1,5,12,1,0
22,12,0,0,2,0,0,1,0,0,1,0,5,12,2,0
4,31,1,0,2,0,0,1,0,0,1,0,0,1,0,0
8,30,1,1,1,0,0,3,1,0,1,0,2,2,3,0
8,35,1,1,1,0,0,1,0,0,1,0,3,2,3,0
9,3,0,1,1,0,0,1,0,0,1,0,2,3,3,0
14,4,1,1,1,0,1,3,0,1,1,0,2,3,1,0
1,22,0,0,2,0,0,0,0,0,1,1,6,4,2,1
4,31,1,0,2,0,0,2,0,1,1,0,0,4,0,0
9,21,1,1,1,1,0,3,0,0,1,1,0,4,3,0
13,37,1,1,1,0,0,2,0,0,1,1,0,4,1,0
16,33,0,1,1,0,0,0,0,1,0,0,0,4,1,0
6,56,1,1,1,0,0,3,0,0,1,0,1,5,0,1
14,24,1,0,2,0,0,3,0,0,1,0,2,5,1,0
17,5,1,1,1,0,0,3,1,0,1,0,2,5,1,0
18,31,1,4,1,0,3,2,0,0,1,0,3,6,1,0
2,36,0,0,2,0,0,0,0,1,1,1,5,6,2,0
17,44,0,0,0,0,0,0,4,0,1,0,5,6,1,0
7,24,1,0,2,1,0,3,0,0,1,0,5,7,3,0
16,42,1,0,2,0,0,0,0,0,1,0,5,7,1,0
6,48,0,0,2,0,0,0,0,0,1,0,6,7,0,0
17,53,1,1,1,0,0,3,0,1,1,0,6,7,1,0
20,19,1,1,1,0,0,2,1,0,1,0,6,7,2,0
20,14,0,0,2,0,0,0,0,0,1,0,6,7,2,0
6,34,1,0,3,0,0,3,0,0,1,0,0,7,0,0
14,21,1,1,1,0,0,3,0,0,1,0,1,8,1,0
23,71,1,0,3,0,0,1,0,0,1,0,1,8,2,0
23,12,1,1,1,0,0,3,0,0,2,0,1,8,2,0
7,7,1,1,1,0,0,2,0,0,1,0,3,8,3,0
15,30,1,1,1,0,0,2,1,0,1,1,3,8,1,0
23,33,1,1,1,0,0,2,1,0,1,1,3,8,2,0
12,19,1,1,1,0,1,3,0,0,1,0,4,9,3,0
23,24,1,0,2,0,0,2,0,0,2,0,5,9,2,0
2,37,1,1,1,0,0,3,0,0,1,0,6,9,2,0
23,48,1,0,2,0,0,3,0,1,1,0,6,9,2,0
4,4,1,4,1,0,0,2,0,0,1,0,6,10,0,0
8,7,1,1,1,0,0,3,0,0,1,0,0,10,3,0
7,12,0,0,2,0,0,0,0,0,1,0,1,10,3,0
19,30,1,5,1,0,0,2,0,0,1,1,3,11,2,0
12,10,1,1,1,0,0,3,0,1,1,0,4,11,3,0
16,27,1,0,3,0,1,0,4,1,1,0,4,12,1,0
17,15,1,1,1,0,1,2,1,0,1,0,4,12,1,0
20,14,1,0,2,0,0,0,0,0,1,1,4,12,2,0
17,56,0,0,2,0,0,0,0,0,1,0,5,12,1,0
8,21,1,1,1,0,0,2,0,0,1,0,0,1,3,0
11,2,1,1,1,0,0,2,0,0,1,0,0,1,3,0
5,24,1,0,2,0,0,2,3,0,1,0,1,1,0,1
8,0,1,0,0,0,0,3,0,0,1,0,1,1,3,1
7,6,1,1,1,1,0,2,1,0,1,1,2,1,3,0
12,67,1,1,1,0,0,2,1,0,1,1,2,1,3,0
12,2,1,1,1,0,0,2,1,0,1,0,2,1,3,0
5,8,1,0,2,0,0,0,0,0,1,1,3,2,0,0
12,31,1,0,2,0,0,2,0,0,1,0,4,2,3,0
23,37,1,1,1,0,0,2,1,0,1,0,4,2,2,0
8,24,1,0,2,0,0,2,0,0,1,0,5,2,3,0
1,16,1,0,2,0,0,3,0,0,1,0,5,3,2,0
16,35,1,1,1,0,0,3,1,0,1,0,5,3,1,0
15,31,0,1,1,0,0,4,4,1,1,0,1,4,1,1
2,17,1,0,2,0,0,2,0,0,1,0,2,5,2,0
12,30,1,0,2,0,0,1,0,0,1,0,4,6,3,0
12,31,1,1,1,0,0,2,0,0,1,0,5,6,3,0
14,46,1,0,2,0,0,2,4,0,1,1,1,7,1,0
14,5,1,1,1,0,0,2,0,1,1,1,1,7,1,0
19,44,0,0,0,0,0,0,0,0,1,0,1,7,2,0
12,46,1,1,1,0,3,2,1,0,1,0,2,8,3,0
14,23,1,0,2,0,1,1,1,0,1,0,2,8,1,0
9,31,1,0,2,0,0,2,0,0,1,0,3,8,3,0
6,35,1,1,1,0,1,3,0,0,1,0,5,9,0,0
0,4,0,0,2,0,0,1,4,0,1,0,6,9,2,0
20,42,1,1,1,0,0,2,0,0,1,0,6,9,2,0
23,21,1,0,2,0,0,2,0,0,1,0,6,9,2,0
0,11,1,1,1,0,0,3,0,0,1,0,2,10,2,0
2,15,1,0,2,0,0,2,0,0,1,0,2,10,2,0
13,0,1,5,1,0,0,3,1,0,1,0,3,11,1,0
15,12,1,1,1,0,0,2,1,0,1,0,3,11,1,0
11,7,1,1,1,0,0,3,4,0,1,0,4,11,3,0
15,2,1,4,1,0,0,3,1,1,1,0,4,11,1,0
1,66,0,0,2,0,0,1,0,0,1,0,5,11,2,0
16,42,1,1,1,0,0,3,0,0,1,0,5,12,1,0
2,20,1,0,2,0,0,2,0,0,1,0,6,12,2,0
7,49,1,6,1,0,0,2,4,1,1,0,6,12,3,0
16,35,1,1,1,0,0,2,1,0,1,0,6,12,1,0
5,20,1,5,1,0,0,3,4,0,1,0,0,12,0,0
6,21,1,5,1,0,0,1,0,0,1,0,1,1,0,1
7,10,1,0,2,0,0,2,0,1,1,0,3,1,3,0
20,21,1,1,1,0,0,2,0,0,1,0,3,1,2,0
7,24,1,1,1,0,0,3,0,0,1,0,4,2,3,0
5,8,0,0,2,0,0,0,0,1,1,1,5,2,0,0
19,31,1,2,1,0,0,2,0,0,1,0,5,2,2,0
17,30,1,1,1,0,0,3,1,0,1,0,6,2,1,0
3,7,1,1,1,0,0,3,0,0,1,0,4,3,0,0
22,2,1,1,1,0,0,3,1,1,1,0,4,3,2,0
2,21,1,0,2,0,0,1,0,0,1,0,0,4,2,0
7,46,0,2,1,0,0,3,0,0,5,0,0,4,3,0
12,26,1,1,1,0,0,1,0,0,1,0,0,4,3,0
18,15,1,0,2,0,0,1,0,0,1,0,0,4,1,0
19,26,1,5,1,0,0,1,0,0,1,0,0,4,2,0
23,16,1,0,2,0,0,1,0,0,1,0,0,4,2,0
7,12,1,0,2,0,0,3,0,0,1,0,2,5,3,0
20,39,1,1,1,1,0,3,5,1,1,1,4,5,2,0
21,19,1,0,2,0,0,1,4,0,1,1,4,5,2,0
18,24,1,0,2,0,0,2,0,0,1,0,6,6,1,0
21,22,0,0,2,0,0,0,0,0,1,0,6,6,2,0
5,9,1,0,2,0,0,2,0,1,1,0,0,6,0,0
5,12,1,0,2,1,0,2,0,0,1,0,0,7,0,0
14,21,1,1,1,0,0,3,0,0,1,0,1,7,1,0
7,42,1,1,1,0,0,2,0,1,1,0,2,7,3,0
19,6,1,1,1,0,3,3,1,0,1,0,3,8,2,0
4,21,1,1,1,1,0,2,4,0,1,0,4,8,0,0
18,23,1,0,2,0,0,2,0,0,1,0,4,8,1,0
21,19,1,1,1,0,0,2,0,0,1,0,4,8,2,0
18,15,1,0,2,0,0,2,0,0,1,0,0,9,1,0
1,30,1,0,2,0,0,2,0,0,1,0,1,9,2,0
19,23,1,0,2,0,0,0,0,0,1,0,1,9,2,0
17,37,1,1,1,0,0,2,0,0,1,0,1,10,1,0
5,60,1,1,1,0,0,2,0,0,1,0,3,10,0,0
1,48,0,0,2,0,0,0,0,1,1,0,4,11,2,0
14,47,1,1,1,1,0,2,0,0,1,0,4,11,1,0
7,15,1,1,1,0,0,3,1,0,1,0,5,11,3,0
0,12,1,0,2,0,0,0,0,0,1,0,6,11,2,0
4,16,1,0,2,0,0,3,0,0,1,0,6,12,0,0
16,47,1,1,1,0,1,2,1,0,1,0,6,12,1,0
17,5,1,1,1,0,0,3,1,0,1,0,6,12,1,0
14,26,1,1,1,0,0,2,0,0,1,0,0,12,1,0
6,5,1,3,1,0,0,2,0,0,1,1,1,12,0,0
12,46,1,0,2,0,1,3,0,0,1,0,5,2,3,0
22,42,1,5,1,0,0,3,0,1,1,0,5,2,2,0
8,73,0,0,2,0,0,0,0,0,1,0,5,3,3,0
17,19,1,0,2,0,0,3,0,0,1,0,5,3,1,0
18,17,1,0,2,0,0,3,1,0,1,1,6,3,1,0
6,4,1,1,1,0,0,1,1,0,1,0,3,4,0,0
10,3,1,0,2,0,0,3,0,0,1,1,3,4,3,0
18,26,1,1,1,0,0,2,1,0,1,0,3,4,1,0
17,7,1,1,1,0,0,3,1,0,1,0,3,5,1,0
4,17,1,0,2,0,0,2,0,0,1,0,4,5,0,0
20,35,1,1,1,0,0,2,0,0,1,1,5,5,2,0
20,10,1,0,2,0,0,2,0,0,1,1,5,5,2,0
1,46,0,0,2,0,0,0,0,0,1,0,0,6,2,0
2,16,1,0,2,0,0,1,0,0,1,0,0,6,2,0
3,41,1,1,1,0,0,2,0,0,1,0,0,6,0,0
5,33,0,0,2,0,0,0,0,0,1,1,1,6,0,0
0,46,1,1,1,1,0,3,0,0,1,0,1,7,2,0
11,12,1,0,2,0,0,1,0,0,1,0,2,7,3,0
22,18,1,2,1,0,0,3,6,1,1,0,2,7,2,0
11,24,1,0,2,0,0,2,4,1,1,0,3,7,3,0
11,42,1,4,1,0,0,3,0,0,1,0,3,7,3,0
6,7,1,1,1,0,0,2,0,0,1,0,5,8,0,0
7,20,1,0,2,0,0,2,0,0,1,0,5,8,3,0
2,10,1,1,1,0,0,3,1,0,4,0,6,8,2,0
7,31,1,0,2,0,0,2,4,0,1,0,6,8,3,0
17,31,1,1,1,0,0,3,0,1,1,0,6,8,1,0
18,12,1,0,2,0,3,2,0,0,1,0,0,9,1,0
20,61,1,1,1,0,0,2,0,0,1,0,0,9,2,0
6,7,1,4,1,0,0,2,1,0,1,0,2,9,0,0
15,73,0,0,2,0,0,0,0,0,1,0,2,9,1,0
18,37,1,1,1,0,0,2,0,0,1,0,2,9,1,0
8,5,1,1,1,0,0,2,1,0,1,0,3,10,3,0
1,15,1,0,2,0,0,2,0,0,1,0,4,10,2,0
6,21,1,1,1,0,0,2,0,0,1,0,4,10,0,0
1,25,0,0,2,0,0,0,0,0,1,0,5,11,2,0
14,12,0,2,1,0,0,0,8,1,1,0,5,11,1,0
19,34,0,0,2,0,0,0,0,0,1,1,5,11,2,0
5,23,1,4,1,0,0,3,1,0,4,0,6,11,0,0
15,41,1,1,1,1,0,2,0,0,1,0,6,11,1,0
17,15,1,1,1,0,0,4,0,0,1,1,0,11,1,0
20,5,1,0,2,0,0,1,0,0,1,0,0,11,2,0
20,7,1,1,1,0,0,2,0,0,1,0,0,11,2,0
21,66,0,0,2,0,0,0,0,0,1,1,0,11,2,0
4,4,1,0,2,0,0,3,0,0,1,0,0,12,0,0
16,15,1,1,1,0,0,2,0,0,1,0,2,12,1,0
19,33,0,0,2,0,0,1,0,0,1,0,2,12,2,0
5,7,0,0,2,0,0,0,0,0,1,0,3,1,0,0
17,42,1,1,1,0,0,2,1,0,1,0,3,1,1,0
23,30,1,0,2,0,0,1,1,1,1,0,4,1,2,0
0,42,0,0,2,0,0,0,4,1,1,1,5,1,2,0
6,31,1,0,2,0,0,2,0,0,1,0,5,1,0,0
3,30,1,0,2,0,0,3,3,0,1,0,0,2,0,0
5,16,1,0,2,0,0,1,0,0,1,0,0,2,0,0
17,34,0,0,2,0,0,0,1,0,1,0,1,2,1,0
7,42,0,0,2,0,0,0,0,0,1,1,1,3,3,0
16,7,1,0,2,0,0,2,0,0,1,0,1,3,1,0
4,15,1,1,1,0,0,1,0,0,1,0,2,4,0,1
16,12,1,4,1,0,0,1,0,0,1,0,2,4,1,1
17,17,1,0,2,0,0,3,0,0,1,0,3,4,1,0
9,49,1,1,1,0,0,4,1,1,1,1,4,4,3,0
19,12,1,0,2,0,0,3,0,0,1,0,4,5,2,0
5,21,1,0,2,0,0,4,0,1,1,1,6,5,0,0
9,7,1,0,2,0,0,2,0,0,1,0,0,6,3,0
20,46,1,0,2,0,0,1,0,0,1,0,0,6,2,0
23,61,1,1,1,0,0,1,0,0,1,0,0,6,2,0
5,12,0,0,2,0,0,1,0,0,1,0,1,6,0,0
13,19,0,0,2,0,0,1,1,0,1,0,1,6,1,0
7,42,1,1,1,0,0,3,0,1,1,1,2,6,3,0
6,20,1,0,2,1,0,3,0,0,1,0,2,7,0,0
4,56,0,0,2,0,0,0,0,1,1,1,3,7,0,0
16,30,1,0,2,0,0,3,0,0,1,1,3,7,1,0
7,56,0,0,2,0,0,0,0,1,1,0,4,7,3,0
6,12,1,0,0,0,0,2,0,0,1,0,6,8,0,0
8,31,1,1,1,0,0,2,1,0,1,0,0,8,3,0
8,21,1,1,1,0,0,2,1,0,1,0,0,8,3,0
20,21,1,1,1,0,0,3,1,0,1,0,0,8,2,0
22,1,1,1,1,0,0,4,1,0,1,0,0,8,2,0
2,70,0,0,2,0,0,0,4,0,4,0,2,9,2,0
19,16,1,0,2,0,0,3,1,0,1,0,3,9,2,0
21,27,0,1,1,0,0,0,1,0,0,0,3,9,2,0
6,4,1,4,1,0,0,2,0,0,2,0,3,10,0,0
17,7,1,1,1,0,0,2,1,0,1,0,3,10,1,0
2,4,1,0,2,0,0,1,0,0,1,0,5,10,2,0
4,46,1,1,1,0,0,3,0,0,1,0,5,10,0,0
1,8,1,0,2,0,0,3,0,1,1,0,6,11,2,0
5,9,1,0,2,0,0,2,0,0,1,0,6,11,0,0
22,19,1,1,1,0,0,1,1,0,1,0,6,11,2,0
5,21,1,0,2,0,0,2,0,0,1,0,0,11,0,0
4,30,1,0,2,0,0,2,0,1,1,0,1,11,0,1
9,48,1,4,1,0,0,3,1,0,1,0,1,11,3,1
21,40,0,0,2,0,0,0,0,0,1,0,3,12,2,0
10,26,1,1,1,0,0,2,0,0,1,0,4,1,3,0
8,12,1,1,1,0,0,3,4,0,1,0,6,1,3,0
15,7,1,1,1,0,0,4,1,1,1,1,6,1,1,0
3,22,0,0,2,0,0,0,0,0,1,0,0,3,0,0
5,19,1,1,1,0,0,4,1,1,1,0,0,3,0,0
7,5,1,1,1,0,0,3,1,0,1,0,0,3,3,0
19,26,1,1,1,0,0,3,1,0,1,0,0,3,2,0
20,7,1,5,1,0,0,3,1,1,0,0,0,3,2,0
0,15,1,1,1,0,0,1,0,0,1,0,3,4,2,0
10,8,0,0,2,0,0,0,0,0,1,0,3,4,3,0
18,34,1,0,2,0,0,0,0,0,1,1,3,4,1,0
13,19,0,0,2,0,0,0,0,0,1,0,5,4,1,0
13,42,1,1,1,0,0,2,1,1,1,1,5,4,1,0
16,50,1,1,1,0,0,3,1,0,1,1,5,4,1,0
11,22,0,0,2,1,0,0,4,1,1,0,5,5,3,0
18,26,1,4,1,0,0,3,0,1,1,0,5,5,1,0
20,25,0,0,2,0,2,0,0,0,1,0,5,5,2,0
16,4,1,1,1,0,0,0,4,1,4,0,0,5,1,0
17,39,1,1,1,0,0,2,0,0,1,1,0,5,1,0
8,37,1,1,1,0,0,1,0,0,1,0,1,6,3,0
5,37,1,0,2,0,0,2,0,0,1,1,3,6,0,0
5,42,1,0,0,0,0,4,0,0,1,0,4,7,0,0
14,44,0,0,2,0,0,0,6,1,1,1,4,7,1,0
6,19,1,1,1,0,0,4,0,1,1,1,5,7,0,0
22,20,1,0,2,0,0,2,0,0,1,0,5,7,2,0
2,30,1,1,1,0,0,1,0,0,1,0,6,8,2,0
14,18,1,1,1,0,1,3,1,0,1,0,6,8,1,0
5,10,1,0,2,0,0,2,0,0,1,0,0,8,0,0
15,26,1,1,1,0,0,3,0,0,1,0,0,8,1,0
19,19,1,0,2,0,0,2,4,1,1,0,1,8,2,0
9,26,1,1,1,0,1,3,1,0,1,0,2,9,3,0
12,35,1,1,1,0,1,2,0,0,1,0,2,9,3,0
20,12,1,1,1,0,1,2,0,0,1,0,2,9,2,0
5,23,0,0,2,0,0,0,0,0,1,0,4,9,0,0
22,4,1,1,1,0,0,0,1,0,4,0,4,9,2,0
0,31,1,0,2,0,0,2,0,0,1,0,6,10,2,0
6,30,1,0,2,0,0,2,0,0,1,0,6,10,0,0
12,42,1,1,1,0,0,2,0,1,1,0,6,10,3,0
1,12,1,0,0,0,0,2,0,0,1,0,0,11,2,0
5,12,1,1,1,0,0,1,0,0,1,0,0,11,0,0
13,26,1,1,1,0,1,3,1,0,1,0,2,12,1,0
9,21,1,0,2,0,0,2,0,0,1,1,3,12,3,0
21,11,1,4,1,0,0,3,0,0,1,1,4,12,2,0
0,4,1,1,1,0,0,2,0,0,1,0,5,1,2,0
4,56,0,0,2,0,0,0,0,0,1,0,5,1,0,0
1,20,1,0,2,0,0,1,3,0,1,0,6,1,2,0
6,21,1,0,2,0,0,1,1,0,1,0,6,1,0,0
8,2,1,1,1,1,0,2,0,0,1,0,6,1,3,0
1,19,0,0,2,0,0,1,4,0,1,0,0,1,2,0
6,34,1,0,2,0,0,0,0,0,1,0,1,3,0,0
14,8,0,0,2,0,1,0,0,0,1,0,1,3,1,0
5,42,1,1,1,0,0,2,0,0,1,0,6,4,0,1
11,19,1,1,1,0,0,3,1,0,1,0,6,4,3,1
15,46,1,0,2,0,0,1,0,0,1,0,6,4,1,1
14,44,1,0,0,0,0,3,6,0,4,0,0,5,1,0
7,10,1,4,1,0,0,3,0,1,1,1,1,5,3,1
10,26,1,1,1,0,0,2,0,0,1,0,2,6,3,0
19,12,1,0,2,0,3,3,0,0,1,0,2,6,2,0
20,7,1,1,1,0,0,2,0,0,2,0,2,6,2,0
0,50,1,2,1,0,0,2,4,0,1,0,3,6,2,0
1,12,1,0,2,0,0,0,0,0,1,0,3,6,2,0
5,44,0,0,0,0,0,0,0,0,1,0,3,6,0,0
6,23,1,0,2,0,0,2,0,0,1,0,3,6,0,0
19,5,1,1,1,0,0,3,1,1,1,1,4,6,2,0
20,18,1,1,1,0,0,2,0,0,1,0,4,7,2,0
21,15,1,0,2,0,0,2,0,0,1,0,1,8,2,0
23,10,1,0,2,0,0,2,5,0,1,0,1,8,2,0
20,41,1,1,1,0,0,2,1,0,1,0,2,8,2,0
0,7,1,1,1,0,0,4,0,0,1,0,3,9,2,0
19,18,1,1,1,0,0,2,0,0,1,0,5,9,2,0
7,23,0,0,2,0,0,0,0,0,1,0,6,10,3,0
16,15,1,5,1,0,0,2,1,0,1,0,6,10,1,0
21,2,1,1,1,0,0,2,1,0,1,0,6,10,2,0
3,20,1,0,2,0,0,2,0,1,1,1,2,11,0,0
11,12,1,0,2,0,1,3,0,0,1,0,3,12,3,0
2,31,1,0,2,0,0,2,0,1,1,0,4,12,2,0
8,47,1,1,1,0,0,3,1,0,1,0,5,12,3,0
11,18,1,1,1,0,0,2,1,0,1,1,5,12,3,0
12,37,1,1,1,1,0,2,1,0,1,0,0,1,3,0
2,31,1,1,1,0,0,3,0,0,1,0,1,1,2,1
15,74,1,0,3,0,0,1,0,0,1,0,2,3,1,0
15,6,1,1,1,1,1,3,0,0,1,0,2,3,1,0
21,12,1,0,2,0,0,3,0,0,1,0,2,3,2,0
12,41,1,0,2,0,0,3,0,0,1,0,4,3,3,0
8,5,1,4,1,0,0,3,0,0,1,0,0,5,3,0
19,19,1,1,1,0,0,4,1,1,1,0,2,5,2,0
22,12,1,0,2,0,0,2,0,0,1,0,6,7,2,0
4,75,0,0,2,0,0,0,8,0,1,0,1,8,0,0
20,13,0,0,3,0,0,0,0,0,1,0,2,8,2,0
2,10,1,0,2,0,0,2,0,0,1,1,3,8,2,0
18,7,1,1,1,0,0,2,0,1,1,1,3,8,1,0
23,16,1,0,2,0,0,2,0,1,1,0,3,8,2,0
5,7,1,0,2,0,0,2,1,0,1,0,6,10,0,0
5,35,1,1,1,0,0,2,0,0,1,0,6,10,0,0
18,3,0,0,2,0,0,0,0,0,1,0,0,10,1,0
22,76,0,0,2,0,0,0,0,0,1,0,0,10,2,0
9,4,1,0,2,0,0,3,1,0,1,0,4,12,3,0
10,9,1,1,1,0,1,3,0,1,1,0,4,12,3,0
17,2,1,1,1,0,0,3,0,0,1,0,4,12,1,0
17,44,0,0,2,0,0,0,4,0,1,1,4,12,1,0
23,23,1,0,2,0,0,0,0,0,1,0,5,12,2,0
7,67,0,8,1,0,1,1,5,1,0,1,4,5,2,0
17,18,0,7,1,0,0,1,4,0,4,0,4,11,3,1
19,52,1,7,3,0,1,3,2,1,4,0,3,4,3,1
10,52,1,4,2,0,2,0,6,1,4,0,0,3,0,1
20,4,1,5,0,1,1,2,2,1,5,1,4,5,0,0
6,66,0,6,0,0,2,1,2,0,4,0,6,2,2,1
10,60,0,3,0,1,4,1,4,1,3,1,3,9,2,0
13,35,1,3,2,0,3,3,5,1,5,0,0,7,3,0
20,0,0,6,1,0,0,1,0,0,5,0,4,8,3,1
4,68,0,8,0,0,3,1,3,0,3,0,1,12,3,1
10,70,1,0,0,0,1,3,0,1,1,0,2,8,2,0
13,32,0,4,3,1,0,2,5,1,3,0,0,12,3,0
9,65,1,0,3,0,3,3,2,1,2,0,5,8,3,1
19,70,0,2,1,0,1,3,4,0,1,0,5,8,3,1
6,18,1,4,1,1,3,2,4,1,2,0,4,9,2,1
17,9,1,5,3,0,4,3,1,1,3,0,1,7,0,1
20,75,1,7,1,1,1,3,1,0,5,1,5,10,1,1
13,71,0,6,0,0,3,0,2,0,0,1,2,8,3,0
2,49,0,8,0,1,2,3,3,0,1,1,6,2,3,0
11,5,0,1,3,0,0,4,1,1,1,0,6,7,2,0
23,40,0,5,1,1,1,4,3,0,1,0,0,7,1,0
23,62,1,2,2,1,2,1,8,1,2,1,2,12,1,1
9,65,1,5,1,1,3,3,7,1,3,1,2,4,1,1
12,31,0,7,2,0,3,2,3,0,1,0,1,9,1,0
17,55,1,8,2,1,1,4,2,0,5,1,2,10,3,1
0,71,1,2,1,1,3,4,2,0,2,0,1,12,2,1
15,56,0,8,2,0,2,0,3,1,2,0,1,3,1,0
19,3,0,3,3,0,3,0,4,0,1,1,3,4,0,1
11,68,1,6,2,1,3,2,3,0,4,1,5,11,0,0
13,50,1,2,2,1,0,2,4,0,4,1,4,2,3,0
23,48,1,7,3,0,4,3,6,1,3,0,2,2,2,0
16,63,1,1,2,0,4,0,1,0,4,0,0,6,0,1
3,44,1,6,2,0,4,2,1,1,4,1,3,11,1,1
9,2,1,3,0,0,3,2,6,0,0,1,2,6,0,1
14,20,0,3,0,1,1,3,4,0,0,1,1,12,2,0
1,69,0,0,2,0,2,3,0,1,2,0,2,9,3,0
18,60,0,3,1,0,4,4,8,0,2,1,4,4,2,0
9,51,0,2,0,1,0,2,7,1,4,0,2,5,0,0
11,24,1,6,0,1,0,0,7,1,0,0,1,12,3,1
13,57,0,4,3,0,4,0,5,0,2,1,5,4,1,0
7,42,1,1,1,0,0,1,3,0,0,1,3,11,0,1
18,68,0,0,3,1,0,1,2,0,0,1,2,10,0,1
19,69,1,7,3,0,2,0,5,0,5,0,1,2,1,0
6,22,0,6,2,1,2,1,5,1,4,1,6,8,2,1
17,41,1,5,0,1,3,3,5,1,5,0,3,7,0,0
20,68,1,0,3,0,4,3,5,0,3,1,5,12,0,0
16,48,0,0,1,1,4,4,3,1,2,0,0,6,0,1
23,48,1,2,3,0,0,2,8,1,3,0,1,9,1,0
3,66,1,0,1,1,0,0,6,1,5,0,4,1,0,0
15,17,0,5,1,1,4,4,0,0,0,0,5,12,0,0
14,53,1,6,3,0,0,1,7,1,3,0,2,5,2,0
13,29,0,6,1,0,4,4,6,1,5,1,1,11,1,0
16,12,0,5,3,1,0,4,0,0,0,1,1,3,0,1
5,15,0,3,0,0,2,3,5,0,4,0,6,4,0,1
23,63,1,0,2,0,1,4,4,0,1,1,4,4,2,0
20,26,1,3,3,0,2,0,4,1,5,0,3,2,3,1
22,29,1,8,1,1,4,1,6,1,5,1,1,7,2,0
9,28,0,5,0,1,0,2,0,1,0,0,6,11,1,1
17,25,0,5,2,0,1,4,7,0,1,0,5,2,3,1
23,63,1,8,2,0,3,2,4,0,4,1,6,1,1,0
19,25,0,4,0,1,0,0,4,0,3,1,1,10,2,1
15,45,0,8,0,1,0,4,3,0,1,0,4,8,3,0
22,72,1,1,3,0,1,3,4,0,1,1,2,2,3,1
16,19,1,6,2,1,4,2,3,0,5,1,0,1,3,0
3,7,0,5,0,1,0,0,4,0,4,1,3,5,0,0
3,37,0,4,0,0,1,1,0,1,1,0,5,12,1,0
5,23,1,4,0,0,3,2,3,1,4,0,5,5,3,0
14,45,0,6,1,1,4,2,0,0,1,1,5,2,3,0
8,28,1,2,0,1,0,4,5,1,0,1,0,9,2,0
2,61,0,4,2,1,0,1,7,1,1,1,5,8,2,0
15,31,1,2,0,0,1,0,1,0,3,1,0,11,1,1
1,49,1,5,2,0,0,0,4,1,2,1,5,12,1,0
14,0,0,5,2,0,3,2,0,1,5,0,0,6,1,1
11,22,0,7,0,1,1,2,0,0,5,0,6,5,1,1
14,63,0,2,2,0,4,3,8,1,4,0,5,10,1,0
22,71,1,5,2,1,4,1,0,0,4,0,0,8,0,1
21,19,0,8,1,1,3,3,8,1,1,1,1,4,0,1
4,18,1,0,3,1,0,4,8,1,4,0,0,7,3,0
19,39,1,5,3,1,3,3,1,0,3,1,4,10,2,1
18,45,1,6,3,0,4,4,6,1,2,0,0,12,1,1
0,20,1,4,0,1,4,2,4,1,4,0,3,2,3,0
18,38,1,3,2,0,1,3,7,0,2,0,1,10,0,0
23,75,0,7,0,0,1,3,8,0,3,0,4,1,2,0
16,27,1,3,0,0,1,0,0,1,5,1,4,4,1,1
3,38,0,6,3,0,3,1,1,0,1,1,1,9,3,1
14,71,1,7,3,0,4,2,3,1,0,1,2,1,0,0
9,72,1,4,3,0,2,3,6,1,2,0,3,6,1,1
19,21,0,2,0,1,3,0,7,0,3,1,4,2,0,0
17,4,0,8,3,0,2,1,8,0,1,1,6,7,2,1
21,48,0,5,1,0,1,3,6,1,3,0,3,11,1,1
20,68,0,2,1,0,4,2,8,1,1,0,0,6,3,0
17,33,1,2,0,1,2,3,7,0,4,0,1,12,2,1
2,53,0,0,3,0,3,2,7,0,4,0,4,11,2,0
23,26,0,8,2,0,2,1,1,0,2,1,3,5,0,0
13,63,0,1,0,0,0,0,3,1,3,0,3,8,1,0
5,3,1,2,2,0,3,1,0,1,4,0,6,6,0,1
11,50,1,8,3,0,1,1,0,1,5,1,6,3,0,1
12,22,1,0,3,1,3,3,7,1,2,1,0,6,2,1
19,60,0,1,0,1,2,4,7,0,3,1,2,9,0,0
10,59,1,5,2,1,3,3,4,0,3,0,2,11,2,0
0,10,0,5,1,1,0,0,5,0,5,0,4,9,1,1
4,19,1,8,0,1,4,0,3,1,0,1,3,5,3,0
14,60,0,5,2,1,1,3,5,1,3,1,2,2,0,0
19,40,0,6,0,0,0,3,6,1,4,1,1,8,0,1
20,4,0,8,1,0,2,0,5,0,1,0,3,9,1,0
17,0,1,3,0,1,1,4,7,1,2,0,2,5,0,0
9,26,0,1,0,0,2,0,2,1,5,0,5,5,1,0
19,70,0,6,3,1,3,0,7,1,3,1,4,12,0,0
3,2,0,3,0,0,2,1,0,0,0,1,0,6,1,1
20,28,0,7,0,0,0,3,6,1,3,1,6,6,0,1
8,28,0,0,3,0,3,3,7,1,3,0,6,9,0,0
17,10,0,6,3,1,0,4,7,1,1,0,3,10,0,1
7,6,1,8,2,1,4,0,4,1,4,0,0,12,3,1
5,73,0,1,1,1,0,1,6,1,4,0,1,6,3,1
19,22,1,1,0,1,3,0,7,0,3,1,4,8,1,1
8,3,0,6,1,1,3,3,4,0,3,0,0,7,1,0
21,52,1,8,0,0,2,3,3,1,1,0,2,12,2,0
22,70,1,3,2,1,0,4,6,0,5,1,1,7,2,1
21,41,0,7,2,1,0,4,3,1,0,0,4,6,0,1
3,59,0,5,1,0,4,4,5,1,5,0,6,5,0,1
11,23,0,3,1,1,0,2,5,1,5,0,6,8,0,0
9,54,1,3,3,0,4,0,1,1,1,0,2,9,0,0
15,31,1,2,3,0,2,1,1,0,0,0,2,10,2,1
13,17,0,1,2,0,0,2,6,1,0,0,2,10,0,0
2,61,1,8,3,1,1,4,7,0,0,0,2,1,1,1
7,54,1,3,3,0,4,4,6,1,5,1,2,6,3,0
1,76,0,8,3,0,2,4,2,0,1,0,2,10,1,1
3,61,0,0,2,1,4,4,7,0,0,0,0,3,0,1
19,23,1,4,1,1,1,2,3,1,5,0,5,2,0,0
14,2,1,6,2,0,1,2,5,1,5,1,0,12,1,0
16,52,0,1,1,1,0,3,2,1,4,1,0,7,3,0
12,70,0,8,0,0,2,2,2,0,1,1,6,4,2,0
14,74,1,0,0,0,2,3,6,0,1,1,6,9,3,0
17,18,0,2,2,1,1,2,8,0,5,1,2,7,1,1
22,6,1,1,2,1,2,3,6,1,0,1,6,10,2,1
14,76,1,2,2,1,3,4,1,0,5,0,1,2,0,0
3,70,1,8,3,0,2,4,5,0,5,1,6,1,3,0
18,31,0,0,0,1,1,1,7,1,2,0,2,7,2,0
6,40,1,7,1,0,4,1,8,1,0,0,4,1,1,1
11,38,1,8,1,0,1,3,4,0,4,0,3,11,0,1
13,35,1,5,3,0,3,3,8,0,1,1,3,8,1,0
20,40,0,1,0,1,1,3,7,1,5,0,1,10,3,1
9,69,0,8,1,0,4,1,0,1,3,0,2,12,3,1
2,6,1,1,1,1,0,0,7,0,1,1,3,5,2,1
4,46,1,5,1,1,3,1,7,1,3,0,5,8,2,0
12,19,1,2,2,1,4,3,1,1,4,0,4,6,1,0
20,24,1,4,1,1,1,4,2,1,5,1,5,3,1,0
13,29,0,8,2,1,3,3,6,0,1,1,0,11,0,0
23,22,0,6,1,0,4,1,2,0,2,0,1,6,3,0
17,49,1,4,1,0,1,3,5,1,5,0,4,1,2,1
16,62,1,8,2,1,0,4,7,0,0,1,2,8,0,0
14,15,0,1,1,1,1,0,3,0,0,0,3,3,2,0
21,32,0,5,3,1,2,0,5,1,5,0,1,10,2,1
17,48,1,7,3,1,0,4,4,1,2,1,2,9,3,0
21,1,1,2,2,1,1,2,8,1,2,0,3,5,1,0
3,20,0,8,1,1,4,3,8,0,3,1,4,6,3,1
1,44,0,7,2,0,3,4,1,0,5,1,6,10,1,0
3,12,0,4,0,1,0,1,0,0,2,0,6,4,2,1
18,39,1,2,2,1,3,4,8,1,5,0,0,5,2,1
18,15,0,4,3,0,0,3,8,1,2,0,1,11,2,0
15,18,1,3,1,1,0,0,6,1,3,1,1,5,1,0
7,38,1,7,0,0,4,4,0,0,2,0,4,5,1,0
18,24,0,8,0,1,1,1,3,0,5,1,1,8,1,1
15,39,0,8,3,0,0,1,5,0,4,0,6,9,0,1
12,30,0,5,1,0,4,2,0,1,2,0,4,2,0,0
8,49,0,2,0,1,2,2,2,0,1,0,3,6,3,0
10,26,0,8,3,1,4,2,7,1,5,0,0,12,3,1
2,8,0,5,1,1,0,4,7,0,2,1,2,1,2,0
13,0,1,2,1,1,2,2,0,1,3,1,2,12,1,1
3,37,1,3,2,0,0,0,0,1,3,0,1,11,3,1
10,47,1,0,1,1,0,3,5,0,5,0,4,2,0,0
14,28,1,8,0,0,1,4,8,0,4,1,3,1,3,0
5,53,0,7,3,1,3,0,8,1,5,0,2,1,3,0
23,10,1,8,3,1,1,0,2,1,4,1,1,1,2,1
14,23,0,1,3,1,3,1,8,0,3,1,1,6,1,0
0,20,0,7,3,1,2,2,3,0,1,0,0,7,2,0
19,63,1,1,2,1,3,1,3,1,5,1,3,8,0,1
10,71,0,5,0,0,3,4,4,1,0,0,6,9,2,1
15,42,0,6,0,0,4,2,5,0,4,1,6,8,1,1
8,27,1,3,0,0,4,3,0,1,3,1,0,10,3,0
22,75,1,0,0,0,3,4,2,1,5,1,5,8,0,1
12,74,0,1,3,1,0,1,0,0,5,1,0,3,0,0
18,66,0,2,1,0,3,0,2,0,1,1,2,1,2,1
22,26,1,0,0,1,4,4,6,0,2,0,5,11,0,0
23,46,0,3,2,1,1,0,2,1,5,1,1,9,0,0
5,47,1,1,1,1,1,3,0,1,4,1,4,9,1,0
5,7,0,4,0,0,1,2,6,1,3,0,6,8,2,0
12,69,0,2,1,1,1,3,2,1,4,1,3,6,3,1
5,6,1,3,1,1,3,1,2,0,1,1,6,4,0,1
1,68,0,6,0,0,2,2,0,0,4,1,1,1,2,0
12,5,1,5,2,1,0,4,2,1,2,1,1,6,1,0
19,37,1,7,0,0,1,0,2,0,1,0,5,1,3,1
18,59,1,5,2,1,4,0,5,0,0,0,6,4,3,0
4,39,0,1,0,0,1,4,3,0,3,0,1,2,0,1
15,18,1,4,2,1,3,3,3,0,3,0,5,11,3,0
5,15,0,0,1,0,0,2,3,0,4,1,0,2,2,1
7,70,1,3,2,1,0,4,4,1,0,1,3,1,3,0
1,42,1,3,0,1,2,2,0,0,4,1,5,11,2,1
3,33,0,5,1,1,2,0,2,0,3,1,4,7,1,0
2,50,0,1,2,1,1,4,1,0,4,0,6,8,2,0
1,49,1,3,2,1,1,3,3,1,1,1,4,12,2,0
12,18,1,0,0,0,4,2,3,1,3,0,3,6,0,1
0,69,0,8,1,1,1,4,7,0,1,0,4,8,1,0
23,12,1,0,0,1,0,4,5,0,4,0,2,10,3,1
4,45,0,0,1,0,3,1,8,1,4,1,1,3,2,1
9,74,0,3,0,0,3,0,3,0,2,1,5,2,2,0
21,35,0,8,1,1,0,1,7,1,3,0,2,6,2,1
20,34,0,0,2,1,3,2,6,1,4,1,6,5,0,1
14,26,1,3,0,1,3,3,0,0,0,0,6,12,0,1
13,2,1,8,0,1,4,2,5,0,1,0,3,5,2,1
10,59,0,5,3,1,2,4,3,1,1,1,2,8,2,1
3,43,0,8,2,0,4,2,6,1,0,0,0,2,1,1
23,64,1,4,0,1,1,4,2,0,1,1,3,8,0,0
11,18,0,0,2,1,1,0,6,0,1,0,2,2,0,0
14,15,1,5,3,1,3,0,1,1,5,0,4,1,1,0
18,41,1,4,3,1,2,3,7,1,4,0,3,5,1,0
6,27,1,2,0,1,1,3,5,0,2,0,1,6,1,0
23,0,0,4,0,0,1,4,5,1,2,0,5,6,2,0
15,64,1,7,2,1,0,0,1,0,5,0,2,10,1,1
18,73,0,2,2,1,1,1,8,0,1,0,1,10,3,1
9,53,0,8,0,1,4,2,0,0,4,0,0,11,2,1
12,50,1,1,2,1,3,0,4,1,2,0,1,1,2,1
12,74,1,3,3,1,3,4,0,1,4,1,0,12,0,0
3,46,1,0,2,0,1,3,2,1,5,1,1,6,3,0
13,48,0,5,2,0,1,4,8,0,2,0,5,1,1,0
7,13,1,5,1,1,3,4,7,0,2,0,2,5,0,1
3,2,0,2,2,0,3,2,8,0,0,0,3,1,1,0
15,59,1,4,0,1,1,0,0,1,1,1,6,9,2,1
3,60,1,5,2,1,2,4,2,0,5,0,0,11,0,1
13,41,1,7,3,1,3,0,7,1,4,0,4,7,0,0
0,23,1,0,0,1,0,4,4,1,3,0,0,1,0,0
8,39,0,1,0,1,3,0,2,0,5,0,6,3,0,1
19,59,1,4,2,0,2,1,7,1,4,1,4,4,0,0
14,6,0,6,0,0,4,4,8,1,1,0,0,4,1,0
5,32,1,4,2,0,0,3,0,0,5,1,6,7,0,1
8,51,1,5,2,0,2,0,2,1,3,0,0,2,1,0
5,70,0,4,3,1,4,4,3,0,2,0,4,8,0,0
11,58,1,2,1,0,3,2,4,1,1,0,4,3,3,1
21,53,1,3,3,1,3,1,4,0,2,1,6,6,1,1
12,11,1,5,0,1,4,4,2,0,1,1,1,12,0,0
0,42,0,0,1,1,2,0,6,1,2,1,0,2,2,1
0,75,1,0,3,1,0,1,0,1,1,1,0,10,0,1
21,15,0,7,1,0,3,3,6,0,0,1,1,10,1,0
19,34,0,0,3,0,0,0,5,0,1,1,2,4,0,0
1,64,1,8,3,0,3,4,2,0,4,0,0,11,0,0
3,73,1,2,3,0,0,1,0,0,0,1,3,3,3,0
22,69,1,7,3,0,4,3,0,0,5,1,6,8,0,1
12,21,0,7,1,0,1,4,7,1,1,0,2,5,2,1
18,49,0,1,3,0,1,4,6,1,1,0,1,3,2,1
7,74,0,0,0,1,4,0,1,1,0,1,0,3,3,1
11,22,0,0,3,0,4,4,1,1,4,0,4,3,2,1
22,11,1,7,3,1,0,1,6,0,2,1,4,6,2,1
9,16,0,5,2,1,1,4,0,0,0,0,3,3,0,1
12,44,1,7,0,1,0,1,4,1,1,1,1,11,0,0
2,30,0,2,1,0,3,2,2,1,0,0,1,9,1,1
3,63,1,3,0,1,1,1,5,0,1,1,2,2,1,0
4,5,0,5,0,1,3,0,2,1,0,0,2,8,0,0
14,63,1,4,3,0,4,4,5,1,2,1,5,3,3,1
18,33,0,4,0,0,2,3,7,0,0,1,3,9,1,0
21,25,0,3,3,0,0,4,0,0,4,0,1,2,3,1
11,57,0,2,2,1,1,0,6,0,0,0,0,2,2,0
13,10,1,3,1,0,2,1,5,0,5,0,5,10,2,0
4,36,1,2,3,1,3,2,7,1,1,0,3,1,0,1
10,15,1,7,2,0,1,1,5,1,1,0,3,2,2,0
1,69,1,5,0,0,2,3,1,1,4,0,1,6,2,1
8,58,1,5,0,1,3,4,1,1,3,1,3,6,3,0
2,76,0,2,0,1,1,1,6,0,4,1,0,5,2,0
0,4,1,3,0,1,0,1,7,1,4,0,4,8,0,1
15,14,1,5,3,1,0,4,7,1,3,1,5,6,0,1
1,26,1,1,3,1,2,2,2,1,3,0,5,6,0,0
21,68,0,1,2,0,2,4,7,0,2,0,2,8,2,1
10,46,0,1,1,0,3,1,8,0,5,1,1,7,1,0
0,30,1,4,3,0,2,2,8,0,5,1,1,12,1,1
20,62,0,5,0,1,3,1,2,0,5,0,1,10,1,0
9,68,1,5,3,0,0,4,7,1,4,0,5,1,2,0
2,8,1,0,3,0,3,4,2,1,0,0,3,6,3,1
10,23,0,4,3,1,0,0,2,0,0,1,3,6,1,0
17,29,0,1,0,0,0,3,2,0,3,1,1,10,2,0
11,30,0,0,1,0,3,4,6,1,1,1,5,3,1,0
11,67,1,6,1,1,3,0,4,1,2,1,4,4,0,0
23,65,1,1,3,0,3,0,8,1,3,1,1,4,2,1
15,8,1,5,1,1,2,2,2,0,4,1,5,2,3,0
9,63,0,1,0,0,0,4,2,1,0,1,5,1,1,0
8,9,1,4,2,1,3,3,4,1,1,1,1,7,0,1
8,26,1,0,1,0,3,0,0,1,2,1,4,3,1,0
2,73,0,5,3,0,3,1,0,0,1,1,6,5,2,0
19,8,1,2,2,0,2,0,2,0,3,0,3,10,0,0
19,39,0,8,2,1,4,4,1,1,2,1,3,8,1,1
6,67,0,3,2,1,2,3,1,1,5,1,3,12,0,0
4,26,0,1,3,1,2,4,7,1,4,0,4,3,2,1
7,75,1,5,0,1,0,1,3,1,0,0,3,11,3,1
1,6,1,3,2,1,4,4,4,1,3,0,0,8,2,1
8,10,1,1,1,0,1,4,8,0,2,0,3,5,1,1
2,32,0,8,3,1,4,3,3,1,0,1,3,10,0,1
1,3,0,6,3,0,0,1,2,0,2,0,3,9,2,0
22,18,1,7,0,0,0,2,0,1,1,1,3,4,0,0
21,56,1,6,1,1,4,1,1,1,3,1,1,5,2,1
11,12,0,2,2,1,1,1,0,1,2,0,4,4,0,1
15,38,1,5,1,0,0,0,7,0,1,1,1,12,0,0
21,70,1,3,2,0,2,2,2,1,0,1,4,11,1,0
11,3,0,4,2,0,1,4,3,0,2,1,6,7,1,0
13,43,0,0,3,1,3,4,2,0,2,0,1,10,3,0
12,67,1,1,1,0,3,2,1,1,3,1,1,12,0,1
5,69,1,7,1,1,4,0,1,1,0,0,3,1,2,0
19,29,1,2,2,0,1,1,8,1,5,0,5,7,2,0
22,11,0,5,0,1,3,3,5,0,0,1,6,3,1,0
21,22,1,2,3,1,4,4,3,1,0,1,6,3,0,1
17,73,1,4,1,1,1,0,0,0,5,0,6,10,0,0
8,52,1,5,0,0,4,4,1,1,4,0,4,11,0,1
16,27,0,6,2,1,0,2,5,0,5,1,1,12,2,0
12,5,1,1,2,1,4,1,8,0,5,1,4,10,1,0
11,5,0,1,1,1,3,4,1,1,1,0,4,4,3,1
6,58,0,1,2,1,1,0,8,1,4,0,4,9,0,0
10,15,1,1,2,1,0,0,2,0,1,1,5,11,2,1
21,66,0,3,0,0,2,2,1,0,0,0,1,9,2,1
17,52,1,8,2,0,2,3,4,0,5,1,5,8,3,0
2,38,0,8,2,1,0,4,1,1,1,1,5,4,0,1
5,9,0,5,3,0,2,0,7,0,1,0,2,2,1,1
14,36,0,2,2,0,1,1,2,0,1,0,3,9,0,1
7,11,0,7,1,1,1,3,8,0,1,0,0,1,3,0
17,60,0,4,0,1,1,2,3,1,2,0,1,1,1,0
20,45,0,6,1,0,1,3,4,1,1,0,2,2,0,0
22,51,0,7,1,0,0,0,5,0,3,1,0,9,1,1
7,8,0,7,0,1,1,0,3,1,4,1,0,2,0,1
6,42,1,3,2,1,0,1,8,1,1,0,6,9,3,0
5,50,0,7,0,0,4,1,5,1,5,0,3,5,3,0
16,7,0,2,1,1,4,1,4,0,4,0,2,6,1,1
10,64,0,5,1,1,1,4,3,0,2,1,3,1,0,1
20,66,0,6,2,1,4,0,3,0,2,0,2,7,3,1
3,53,0,5,0,0,4,4,6,1,4,1,2,12,1,0
17,63,0,1,1,1,3,4,5,0,3,1,1,3,3,0
13,47,1,1,3,0,3,3,7,1,1,1,3,1,1,1
8,40,1,7,1,0,4,4,4,0,1,0,4,5,3,0
17,63,1,8,1,0,4,4,1,0,2,0,1,3,3,1
4,60,1,2,2,0,1,2,0,0,3,1,6,9,1,0
6,40,0,6,1,1,2,2,2,1,1,1,4,12,2,0
11,9,1,4,0,0,0,4,2,0,4,1,5,7,1,0
20,25,0,2,1,0,4,0,3,0,5,1,2,1,2,1
7,15,1,8,0,1,3,2,8,1,0,0,5,11,1,0
16,1,0,1,0,1,2,1,7,0,4,0,3,3,1,1
5,0,1,0,3,1,3,1,2,1,4,1,2,10,3,1
17,10,1,1,2,1,2,1,4,0,5,0,3,4,1,1
15,13,0,3,1,1,3,0,0,1,2,0,6,5,3,0
8,56,0,0,0,1,0,4,7,0,3,1,0,1,1,0
12,59,0,5,3,0,1,3,7,1,2,1,0,6,0,0
0,35,1,7,3,1,2,0,3,0,4,0,3,7,2,1
10,36,0,5,1,0,2,2,0,1,2,1,0,5,3,1
3,43,0,5,1,1,2,1,8,1,5,0,5,4,3,1
14,67,1,4,3,1,0,1,6,1,0,1,3,12,2,1
9,10,0,7,0,1,3,1,3,0,4,1,1,9,1,0
21,40,1,4,2,1,0,1,3,1,2,1,3,1,0,0
0,27,1,1,3,0,4,0,2,1,1,0,3,5,1,1
19,29,0,4,1,0,1,0,7,1,0,1,5,7,3,0
19,62,1,2,3,1,4,4,8,0,1,0,4,9,0,0
14,41,0,6,1,0,1,4,3,0,2,1,1,5,3,0
20,73,1,4,2,1,0,1,1,0,4,0,6,9,2,1
20,21,0,8,2,0,1,3,3,0,3,1,1,6,2,0
10,40,0,6,3,1,0,0,3,0,3,1,5,5,0,0
19,22,0,6,1,0,0,1,7,0,0,1,0,1,2,0
6,23,1,4,2,0,4,1,1,1,3,1,4,5,2,0
3,56,0,1,1,1,2,0,8,1,3,1,1,9,3,0
0,49,0,2,2,0,0,3,6,1,3,1,6,9,2,0
12,19,0,5,3,1,2,3,4,0,1,1,4,4,2,0
18,64,0,1,2,0,4,3,6,1,4,1,1,4,3,0
7,22,0,1,0,1,1,3,1,1,5,0,5,12,2,0
5,26,0,7,3,1,3,4,5,0,5,1,0,3,1,0
17,22,0,2,0,1,4,2,5,0,3,1,3,1,1,0
15,60,0,6,1,1,3,1,6,1,0,0,1,4,1,0
18,52,0,0,0,1,1,0,7,0,5,0,0,1,1,1
21,40,0,6,0,1,0,0,1,1,4,1,3,7,2,1
14,29,1,4,0,0,3,2,2,0,3,0,2,10,1,0
21,33,0,2,2,1,0,0,5,1,0,0,0,3,2,0
18,31,0,1,2,1,0,3,4,1,5,0,1,12,2,0
14,46,1,4,2,1,2,1,7,0,0,1,5,3,2,0
17,54,1,1,0,1,0,2,0,1,4,0,2,11,1,0
23,63,0,3,3,0,0,4,0,1,4,0,5,11,0,1
22,30,0,2,2,1,1,2,0,0,5,0,0,2,3,1
11,13,1,5,2,0,4,0,0,1,0,0,0,12,0,0
2,31,1,3,2,0,2,1,7,0,0,0,3,4,2,0
7,71,0,8,2,0,0,2,7,1,1,0,1,3,0,0
8,38,1,3,2,1,4,3,0,1,4,0,3,6,0,1
6,60,1,8,2,0,1,1,3,0,3,0,2,11,2,0
3,73,1,8,0,1,0,2,2,1,3,1,0,6,2,1
4,63,1,8,2,1,4,1,5,0,3,1,5,10,2,0
9,57,1,4,2,0,4,1,2,0,1,1,4,8,3,0
12,53,1,1,0,1,1,2,1,0,1,1,5,1,3,0
1,13,1,1,1,0,3,2,5,0,2,1,6,11,2,0
3,61,0,2,3,0,3,1,1,0,0,1,0,7,2,0
22,24,0,3,0,0,4,3,7,0,3,0,4,3,2,1
17,39,1,7,0,1,2,1,3,1,2,1,0,10,0,1
20,37,0,2,2,1,3,1,0,1,4,0,6,3,0,1
9,28,0,3,0,0,0,0,0,1,0,0,5,7,0,1
1,0,1,8,0,1,0,2,4,0,4,1,2,6,2,0
19,54,0,2,2,0,1,4,0,0,4,1,6,11,1,1
2,61,0,1,2,1,3,3,3,0,2,1,1,5,2,0
13,19,1,8,0,0,2,2,3,0,2,0,1,12,1,0
10,57,1,6,3,0,0,1,8,1,4,1,0,5,1,0
17,59,1,4,1,0,1,4,0,0,1,0,5,6,1,1
7,59,0,2,2,0,4,0,7,0,1,1,1,6,1,1
20,4,0,3,3,0,4,1,7,1,2,1,4,1,0,0
22,40,0,5,0,0,2,4,4,0,1,0,1,4,3,0
11,53,0,5,1,1,3,3,4,1,0,0,4,5,3,1
16,33,0,2,2,1,3,2,5,1,1,1,6,10,0,0
20,33,1,7,2,1,2,2,7,1,4,1,2,9,3,1
21,31,0,4,2,1,2,3,1,1,4,1,1,7,1,0
7,11,1,4,2,1,1,1,8,0,5,1,1,1,0,0
0,53,0,0,2,1,0,1,8,1,0,1,1,7,0,0
22,66,1,0,2,0,1,1,3,1,4,0,6,9,3,0
10,9,1,2,2,0,2,0,2,1,1,1,3,3,1,1
11,65,1,2,2,1,4,3,5,0,5,0,2,12,2,0
15,24,0,5,3,0,1,4,3,1,4,0,4,8,2,0
4,38,1,0,0,1,3,1,2,0,5,0,2,2,3,1
7,10,1,2,3,0,1,0,3,0,1,1,5,7,3,0
12,16,0,6,0,0,3,2,4,1,4,0,0,12,0,1
23,55,1,2,2,1,1,1,1,0,4,0,3,7,0,1
6,9,0,6,2,1,4,2,8,1,1,0,4,8,3,0
18,12,0,6,3,0,2,2,2,0,0,0,4,4,1,1
14,76,0,3,3,1,4,0,0,0,4,0,0,4,1,0
12,49,0,0,1,1,1,1,8,1,0,1,1,4,0,1
12,70,1,1,0,0,1,2,6,1,2,0,2,8,1,1
2,29,0,1,1,0,1,2,5,0,5,0,0,5,3,1
14,24,1,4,0,1,3,1,8,1,2,0,5,7,0,1
5,62,1,8,1,1,0,4,6,1,0,0,0,9,2,0
4,20,0,7,1,0,4,3,1,0,4,0,5,6,1,0
18,28,1,1,1,1,4,3,2,1,3,0,0,7,2,1
2,70,0,1,2,1,3,4,2,1,4,1,0,7,3,0
6,63,0,8,2,0,4,2,0,0,1,1,2,9,3,1
1,11,1,2,1,1,4,0,5,1,5,1,5,10,3,1
22,3,1,3,0,0,3,0,0,1,0,1,0,1,0,0
6,17,1,7,1,0,2,3,1,0,3,0,6,5,3,0
0,23,0,2,0,0,1,0,3,1,1,1,2,2,2,1
17,32,1,3,3,0,0,2,0,0,0,1,5,8,1,0
9,47,1,4,2,0,3,0,7,1,3,1,2,6,1,0
8,71,0,2,3,1,2,4,7,1,0,0,0,12,1,1
19,2,1,3,1,0,1,2,4,1,2,1,3,4,1,0
14,3,1,5,3,1,1,0,1,0,4,0,4,6,2,0
3,25,1,6,3,0,3,1,4,0,4,1,1,3,1,0
21,35,0,5,2,0,1,0,3,1,3,1,4,11,1,1
5,29,0,2,3,0,0,4,1,0,4,0,0,7,0,1
4,74,1,5,1,0,4,4,6,0,4,1,2,11,0,0
23,24,1,0,0,1,3,4,5,1,0,0,2,8,0,1
4,11,0,6,2,1,4,1,6,0,1,1,4,4,2,1
11,57,1,5,0,0,1,0,7,1,4,0,2,9,3,0
8,32,1,5,3,0,3,1,5,1,4,1,5,12,3,1
10,37,1,1,3,0,3,4,4,1,2,1,1,2,2,0
2,69,1,6,3,0,3,0,4,1,2,1,4,2,2,1
20,20,0,3,2,0,0,2,7,1,5,0,6,4,3,0
6,46,0,6,1,1,4,3,3,1,0,1,3,5,1,1
15,75,0,0,3,1,1,0,3,1,1,0,6,4,0,1
14,27,1,4,0,0,3,4,3,0,5,0,5,6,3,1
2,20,1,6,2,0,4,0,8,1,0,1,5,4,2,0
16,11,0,8,3,0,2,0,3,1,5,0,0,1,1,0
1,61,0,1,1,0,2,3,8,1,1,1,5,9,2,0
14,30,1,0,2,1,1,3,5,0,1,0,1,3,3,1
1,49,0,5,0,1,2,0,3,1,0,0,6,9,2,1
1,51,0,4,2,0,1,4,0,0,0,1,6,12,3,0
8,55,0,7,2,0,2,1,1,1,3,0,6,3,2,0
11,38,0,6,0,0,0,3,1,1,3,0,6,9,0,1
22,2,0,4,1,1,0,1,7,0,0,0,1,10,3,0
19,30,1,6,2,0,3,4,1,0,5,0,0,1,2,1
9,76,0,0,2,0,0,4,4,1,2,1,5,1,1,1
22,22,1,7,2,1,2,1,5,1,1,1,3,3,1,0
2,2,0,5,0,1,4,3,6,1,0,1,6,6,0,0
0,4,0,0,0,0,1,4,6,1,0,0,4,8,0,1
5,61,1,3,1,1,0,0,2,1,5,0,0,9,1,0
14,17,1,5,0,0,0,1,7,0,0,0,4,4,0,1
9,44,0,7,1,0,3,3,8,1,2,1,5,11,0,1
20,21,0,3,3,0,0,3,3,1,2,1,4,12,2,0
19,64,1,1,3,1,0,1,6,0,0,1,1,4,1,1
20,32,0,3,3,1,0,0,8,1,1,1,6,5,2,1
20,0,1,0,3,0,0,3,8,1,0,0,5,5,0,1
8,74,0,1,1,0,4,2,5,1,3,0,3,2,3,1
1,23,1,5,1,1,3,4,1,0,0,0,3,5,0,0
10,40,1,7,0,0,0,2,7,1,1,0,5,3,0,0
21,70,0,8,2,0,3,0,8,1,4,1,3,8,2,1
9,60,1,5,2,1,3,3,0,0,1,1,2,11,0,0
18,55,0,0,3,0,0,0,2,0,3,0,6,10,3,1
18,76,1,6,3,0,2,0,6,0,2,1,6,9,0,1
15,2,1,5,0,0,2,1,4,0,0,0,0,1,0,1
7,43,1,5,2,0,3,4,5,1,1,1,3,7,3,1
1,48,1,2,3,1,2,2,2,1,0,0,4,10,2,1
14,74,0,0,1,1,4,0,6,1,5,1,4,10,0,1
20,0,0,1,0,1,4,3,6,0,3,1,4,3,3,1
3,38,0,7,0,1,2,3,4,1,5,1,1,11,2,0
9,1,1,4,2,0,4,0,5,0,3,1,4,9,1,1
22,39,1,5,2,0,3,3,3,1,5,0,5,9,2,1
6,54,1,3,3,1,2,0,0,1,1,1,0,7,2,1
21,11,0,6,3,1,1,0,3,1,5,1,2,11,3,0
13,51,1,1,1,1,2,0,2,0,4,1,6,11,0,1
15,71,1,6,1,1,1,2,7,1,4,1,5,6,2,1
16,59,0,5,0,1,3,1,4,0,0,1,6,10,0,0
17,2,1,8,0,1,0,3,7,1,0,0,4,7,1,0
10,67,1,6,2,0,1,3,0,0,0,0,6,3,3,1
6,51,0,4,2,0,1,4,5,0,5,1,5,11,3,1
6,18,1,7,3,0,3,4,7,1,2,1,3,12,3,0
23,44,0,4,0,1,0,1,7,0,4,0,3,10,0,0
20,36,0,0,2,1,1,2,4,1,3,1,1,6,2,0
3,26,1,8,0,0,2,1,4,0,0,1,2,10,3,1
5,73,0,3,1,0,4,4,0,1,1,1,1,3,2,0
11,67,1,4,3,1,1,1,5,0,1,0,5,4,3,1
23,69,0,3,1,0,1,1,1,1,3,0,3,3,3,0
0,38,0,1,1,1,0,1,0,0,5,1,3,3,2,1
20,57,1,4,3,1,3,3,7,0,5,1,0,12,2,0
20,70,1,6,1,0,1,4,6,0,5,1,1,10,0,1
12,1,1,7,1,0,3,1,0,1,5,0,4,8,0,0
15,18,0,0,2,0,2,4,1,0,3,0,4,12,0,1
18,31,0,6,2,0,0,2,4,0,0,1,6,12,3,0
20,63,0,0,3,1,0,0,6,1,0,0,3,6,3,1
20,47,0,8,2,0,0,2,1,0,3,1,4,1,2,0
19,26,1,1,2,1,2,1,0,1,3,1,5,12,1,0
4,52,1,0,1,1,2,1,6,0,0,1,1,11,1,0
1,22,1,5,2,0,3,2,0,0,0,0,5,2,1,1
8,55,0,2,3,0,3,3,1,0,5,1,4,8,3,1
6,24,0,6,3,0,1,0,5,1,3,1,2,11,1,0
16,67,0,8,3,1,2,4,0,1,4,0,4,5,2,1
4,54,0,1,2,1,3,1,1,0,2,1,1,12,0,0
3,65,1,1,1,0,1,1,1,0,1,0,6,1,3,1
23,25,1,1,2,0,2,0,0,1,3,1,1,3,2,0
23,53,1,0,2,1,0,3,2,0,5,0,6,10,3,0
1,68,0,6,0,0,2,1,4,0,1,0,3,1,1,0
20,67,1,5,1,0,1,3,5,0,5,1,3,4,0,0
17,26,0,3,3,0,3,3,4,0,5,0,0,12,3,1
6,67,0,5,3,0,0,3,7,1,4,0,5,3,2,0
0,21,1,4,2,0,0,1,4,1,3,1,5,5,1,0
16,64,1,0,2,1,3,3,0,1,0,0,3,7,3,1
17,25,0,6,0,1,2,3,3,1,3,1,4,4,1,1
17,9,1,3,3,1,0,4,4,1,5,1,2,6,2,0
0,72,1,3,3,1,2,3,8,0,0,1,2,1,2,1
6,45,0,2,1,1,1,4,7,1,3,0,2,7,2,0
21,57,1,2,0,0,1,1,1,1,2,0,5,6,3,1
1,46,0,1,3,1,0,2,2,1,0,0,1,11,3,0
9,26,0,2,3,0,1,2,5,0,3,1,6,5,1,0
2,53,1,8,3,1,4,4,4,1,5,1,2,9,2,0
5,45,1,7,0,0,1,3,4,0,3,0,5,12,3,1
22,14,0,3,1,0,2,4,4,0,1,1,3,1,1,0
4,12,1,3,1,0,2,0,3,1,5,1,1,6,2,0
0,60,0,0,0,1,4,0,8,0,4,0,1,3,3,0
18,6,1,3,0,0,3,2,0,1,0,0,1,6,0,1
16,62,1,0,2,0,0,1,1,1,1,1,5,4,3,1
18,30,0,3,3,0,2,3,0,1,5,1,6,8,3,1
14,31,1,1,1,1,2,1,1,1,4,0,1,8,0,0
15,7,1,5,3,1,1,0,4,0,1,1,2,1,2,0
1,32,0,5,0,0,4,0,2,1,2,1,2,4,0,0
0,66,0,4,2,0,4,0,8,1,5,1,0,5,1,0
13,48,0,6,2,1,0,3,5,0,1,0,2,4,3,0
23,37,1,2,2,0,1,0,4,1,5,0,0,6,0,0
8,63,0,1,3,0,2,1,8,0,3,1,6,2,1,0
2,75,1,7,2,0,1,4,1,1,2,1,6,6,0,1
11,71,0,5,0,1,2,2,8,0,2,0,0,10,3,0
3,67,1,8,0,1,1,2,8,0,5,0,5,8,2,0
9,35,1,7,3,0,0,1,4,0,0,0,6,2,0,0
17,37,0,3,1,0,0,2,3,0,4,1,2,10,0,1
16,43,1,7,3,1,1,3,3,0,1,1,2,10,3,0
18,22,0,7,2,1,3,2,2,1,4,1,5,3,2,1
17,14,0,0,2,0,0,0,2,0,4,1,1,7,0,1
13,19,0,8,3,1,2,2,6,1,5,0,0,7,1,1
1,23,1,1,3,0,4,4,8,0,0,1,5,5,1,0
2,73,0,8,3,0,0,4,6,1,4,1,5,7,1,0
5,72,0,7,1,0,1,4,2,0,1,1,3,5,3,1
14,71,0,4,2,0,3,4,0,0,5,0,6,1,1,1
9,52,0,8,3,1,2,2,4,0,3,1,0,10,2,1
5,8,1,4,2,0,2,1,1,0,4,0,4,1,1,1
19,12,1,8,0,0,1,2,5,1,1,1,3,11,3,0
4,0,1,1,0,1,3,2,2,1,0,1,4,8,3,1
18,63,1,5,3,0,2,0,5,1,2,1,2,9,2,1
5,4,1,4,2,0,2,0,2,0,1,0,3,8,3,1
11,46,0,6,0,1,4,4,6,0,2,0,3,6,0,1
20,37,0,6,1,1,3,1,8,0,5,1,6,3,0,1
21,48,0,5,3,0,2,2,6,0,5,0,6,9,2,1
11,51,0,2,0,1,4,4,1,1,3,1,6,2,2,0
1,74,0,1,0,0,0,1,3,1,2,0,1,8,3,1
19,14,1,8,2,1,2,1,8,0,0,1,1,9,3,0
8,44,0,3,0,1,2,4,8,1,0,1,6,5,1,1
8,15,1,3,2,0,1,1,0,0,3,1,5,8,1,1
4,23,0,5,1,0,2,0,6,1,0,0,4,2,1,1
2,18,0,8,1,0,3,0,3,0,4,0,3,3,3,0
18,62,0,2,2,1,1,1,3,0,1,0,3,4,0,1
20,33,0,8,3,0,0,0,0,0,2,1,1,5,0,1
13,6,0,0,2,1,2,2,4,0,0,1,2,2,2,1
17,68,1,3,0,1,4,4,1,0,5,0,5,12,3,1
5,63,1,8,3,1,0,2,7,0,0,1,1,5,1,0
7,43,0,0,3,1,1,3,0,0,0,1,1,9,2,1
8,37,1,8,0,1,4,4,8,0,4,1,3,2,2,1
20,10,1,2,0,1,3,0,5,0,4,0,3,10,2,1
2,37,0,3,1,0,4,0,3,1,1,0,3,5,3,0
8,27,1,2,3,0,0,3,7,0,5,1,5,11,2,0
11,63,0,6,1,0,1,0,3,0,1,1,4,11,2,1
19,64,1,8,0,0,2,1,1,1,0,0,1,8,0,1
0,24,1,1,3,1,3,2,1,0,2,1,4,7,2,1
23,58,1,1,2,1,1,1,7,1,2,0,6,4,1,1
19,40,0,4,3,1,2,1,8,0,1,0,4,8,3,1
5,24,1,4,0,1,1,1,8,0,1,0,4,6,1,0
23,17,0,5,3,1,1,0,6,0,3,1,3,11,3,0
20,63,1,0,2,1,2,4,5,1,0,1,6,1,0,1
11,24,1,3,1,0,2,1,0,0,0,1,1,10,1,1
3,1,1,1,2,1,4,3,5,0,0,1,0,6,3,1
20,15,1,5,3,1,4,0,6,0,0,1,2,8,3,1
1,53,1,5,2,1,0,4,3,1,5,0,1,2,0,0
3,41,0,0,2,0,2,4,1,1,4,1,5,10,2,0
9,2,1,2,2,1,2,2,0,0,3,0,3,3,1,1
6,20,0,4,3,0,1,2,5,1,3,0,4,7,3,0
14,59,0,7,2,1,1,0,4,0,0,0,4,2,3,1
5,73,1,3,0,0,1,0,3,1,4,0,4,1,0,0
21,60,1,8,1,0,4,4,2,0,4,0,4,5,0,0
17,65,1,0,1,0,1,1,7,1,0,0,5,9,0,1
3,29,0,8,2,1,4,0,7,1,0,1,0,9,0,1
7,36,1,3,3,1,2,2,3,1,2,1,6,11,0,1
7,16,1,4,3,0,0,0,2,1,4,1,2,7,3,1
12,26,1,3,0,1,1,2,5,1,3,1,0,9,0,0
10,44,0,6,1,1,1,1,5,1,4,1,3,6,3,0
0,34,0,0,2,0,0,3,7,0,1,0,2,11,1,1
19,45,0,6,2,1,0,1,4,1,2,0,5,8,1,0
18,37,1,4,3,1,1,3,4,1,1,0,1,11,0,0
13,48,0,0,2,0,3,0,1,0,3,1,1,9,1,0
1,47,0,7,0,0,3,0,4,0,0,0,3,11,0,1
6,10,1,8,0,1,0,3,4,0,5,0,1,1,3,0
16,4,0,6,0,0,1,0,7,1,2,1,3,11,2,0
6,20,0,5,0,0,0,4,7,1,4,0,2,2,2,0
9,69,1,7,2,0,0,2,1,1,1,0,0,5,3,0
3,15,0,8,0,0,2,1,2,0,1,0,2,7,3,0
14,62,1,4,0,1,2,2,0,1,2,1,1,9,1,0
22,58,0,3,3,0,3,4,3,0,4,1,2,4,2,1
16,68,1,0,1,1,0,2,8,1,5,1,3,5,1,0
12,67,1,0,1,1,4,4,7,1,1,0,6,10,1,1
8,14,0,0,3,1,4,0,4,0,0,1,6,8,1,1
23,68,0,5,1,0,0,1,5,0,5,1,1,4,2,1
5,5,1,7,1,1,1,3,5,1,4,1,3,5,3,1
10,28,0,4,1,0,2,3,3,0,1,0,2,11,2,1
1,44,1,2,1,1,3,2,1,1,0,0,2,11,0,1
19,56,1,3,1,0,2,2,5,0,1,1,5,9,2,0
20,48,1,8,3,1,4,1,2,0,5,0,1,9,1,1
6,75,1,2,0,1,2,4,3,1,0,1,5,6,0,0
2,44,0,4,1,1,0,2,4,0,2,1,4,2,2,0
10,21,0,3,1,0,2,0,2,1,3,1,4,1,2,0
4,2,0,1,1,0,3,3,2,1,4,0,3,4,2,0
20,47,1,7,0,1,3,4,7,1,4,0,3,1,3,1
11,39,0,2,1,0,4,1,6,1,4,0,4,2,1,1
17,39,0,2,1,0,1,0,8,0,5,0,3,2,3,0
1,36,1,1,0,1,3,0,8,1,3,1,1,11,3,1
9,18,1,8,1,0,3,3,6,0,5,0,4,3,1,1
6,63,1,6,1,1,4,1,7,0,2,1,3,7,0,1
19,53,0,2,3,0,4,4,1,1,2,1,5,7,3,1
9,29,1,7,2,1,0,2,0,0,1,1,6,12,0,1
18,24,1,0,3,0,0,2,3,1,0,0,1,9,1,0
1,50,0,3,3,0,1,4,7,1,3,1,5,2,3,1
2,52,0,1,3,1,0,3,1,1,2,0,5,8,0,0
17,64,0,5,0,1,0,3,7,1,5,0,4,12,0,1
22,24,1,4,2,0,0,2,4,1,3,0,0,2,2,0
21,35,0,0,1,0,3,3,6,0,5,1,3,1,0,1
14,73,0,8,2,1,3,2,8,0,3,1,6,7,3,0
8,10,0,0,0,0,4,1,8,1,0,0,3,5,2,0
11,13,1,0,2,1,0,2,6,0,0,0,2,4,2,0
8,24,0,6,1,0,2,2,3,0,1,0,6,2,3,1
19,52,0,6,2,0,1,2,4,0,0,0,1,10,3,1
20,53,1,6,1,0,2,3,0,1,2,1,2,12,0,0
12,22,1,3,3,0,1,0,8,1,1,1,2,7,3,0
0,40,1,0,0,0,2,2,2,1,1,1,4,12,2,0
3,50,1,8,1,0,3,1,3,1,0,0,6,1,2,1
12,15,0,1,2,0,0,3,8,1,5,0,5,7,0,0
16,54,1,4,2,0,4,1,2,1,5,0,3,5,3,0
6,33,1,1,0,1,1,3,4,1,2,0,2,9,3,1
10,35,0,1,3,1,0,4,3,1,5,0,0,9,2,0
2,58,0,0,3,0,2,0,4,1,5,0,0,10,2,1
18,72,0,6,0,1,4,3,3,1,3,1,6,1,3,1
5,6,1,1,2,1,1,4,0,1,5,1,4,5,0,1
8,22,1,7,0,0,3,3,8,0,3,0,0,9,1,1
11,47,1,8,0,0,4,4,4,0,3,0,0,9,1,0
16,32,0,6,2,0,3,2,1,0,5,0,3,7,1,1
8,16,0,0,3,1,1,1,6,0,1,1,2,2,3,0
17,29,1,3,1,0,2,2,6,1,0,0,3,2,2,0
3,42,1,0,1,0,3,0,5,0,3,1,5,5,1,0
3,54,0,3,3,1,4,1,3,0,5,1,6,7,1,0
14,25,1,6,3,0,4,2,1,1,2,0,0,12,3,1
3,52,1,7,1,1,0,1,8,1,1,0,6,9,3,0
17,6,1,3,3,1,0,0,6,0,4,1,0,2,1,0
11,70,0,0,2,1,4,3,3,1,3,1,3,10,3,0
13,64,1,1,2,0,0,0,4,0,0,1,3,9,3,1
9,44,0,2,0,1,1,4,2,1,2,1,1,1,3,0
16,70,0,0,3,0,2,2,8,1,5,0,6,5,1,1
1,32,0,2,2,1,2,3,2,0,0,1,1,4,2,0
8,63,0,6,2,1,4,4,4,1,4,1,1,2,1,1
6,29,0,0,2,0,2,4,2,0,3,0,5,6,2,0
21,32,0,7,3,0,2,1,6,0,4,0,3,3,1,1
21,45,0,5,0,0,2,4,3,0,5,1,2,7,1,0
20,53,0,3,0,0,0,0,6,1,0,1,0,2,1,1
12,72,1,0,3,0,0,2,2,0,3,0,4,9,2,1
20,48,1,1,3,1,2,1,5,0,5,1,4,1,2,1
0,60,1,3,3,0,4,3,4,0,2,0,5,1,0,1
7,75,1,5,3,1,1,1,5,0,4,0,4,2,3,0
2,54,0,1,2,0,2,2,1,0,2,0,6,6,0,1
12,38,0,3,1,0,0,2,0,0,1,0,3,5,2,0
22,74,1,2,1,0,3,0,0,0,1,0,2,1,0,1
15,47,1,0,2,1,3,4,0,1,5,0,1,3,1,0
15,47,0,6,2,0,1,0,3,0,2,0,2,3,0,1
15,15,0,2,2,1,2,3,2,0,3,1,5,7,2,1
19,50,0,8,3,1,1,4,2,0,2,1,4,5,0,0
0,73,1,4,2,1,3,0,1,0,1,0,2,7,0,0
3,70,1,8,1,1,1,2,5,1,0,1,1,10,2,1
18,60,1,5,0,1,1,0,8,1,1,0,0,10,2,1
14,65,1,5,0,0,2,3,4,0,2,0,3,6,3,1
18,53,1,4,3,1,4,3,3,1,5,0,1,9,2,0
2,47,0,3,3,1,2,2,3,0,4,1,5,8,1,0
18,76,0,8,1,1,3,1,8,0,4,0,5,6,1,0
7,57,1,4,0,0,2,0,6,0,4,0,2,10,1,0
5,2,0,2,0,0,4,1,6,0,4,0,4,8,1,1
21,64,0,5,0,1,3,3,5,1,3,1,0,11,2,0
4,13,1,4,2,1,0,3,1,0,4,0,4,12,0,0
21,6,1,7,1,0,0,3,8,0,4,1,5,3,0,1
12,58,0,8,3,0,2,1,4,0,1,1,5,8,1,1
10,50,1,1,2,0,1,0,7,1,2,0,3,7,0,1
1,69,0,1,0,0,3,1,6,0,2,0,6,6,0,0
8,15,0,0,1,0,4,1,3,1,5,0,2,11,0,0
8,49,1,2,0,1,0,4,1,0,5,0,3,5,1,1
15,30,0,2,3,0,0,2,7,1,1,1,6,3,3,1
7,65,0,2,1,0,4,2,7,0,5,0,3,11,1,1
3,28,0,7,2,0,0,1,8,0,5,1,4,12,0,1
3,33,1,6,2,1,3,0,5,0,2,1,6,12,3,0
9,68,0,6,1,1,0,3,1,0,4,1,5,11,0,1
0,73,1,2,0,0,2,2,5,1,3,0,6,9,2,0
2,69,0,8,2,1,3,1,2,0,3,0,4,3,1,0
22,16,0,1,2,1,2,3,6,0,2,1,3,12,3,1
0,42,1,1,3,1,3,3,7,1,3,0,0,8,1,0
18,59,0,4,3,1,2,4,0,0,1,1,0,5,3,1
22,61,1,1,0,0,3,1,8,0,5,1,2,3,2,0
3,36,0,2,1,0,2,4,6,0,5,1,3,10,1,1
11,40,0,0,0,0,4,2,5,0,3,0,1,6,1,1
22,8,1,1,2,0,1,0,6,1,0,0,4,9,1,0
18,9,1,7,2,0,4,4,3,1,2,1,3,4,2,0
1,11,0,4,0,1,3,1,5,0,0,1,2,4,0,0
10,75,1,6,2,0,2,4,5,1,5,0,5,1,2,0
18,76,0,7,3,1,1,3,2,1,4,0,3,8,0,1
21,62,1,7,2,1,2,3,7,0,5,1,3,2,0,0
5,9,0,6,1,0,1,2,2,1,2,0,2,1,0,0
6,4,1,7,0,1,3,0,5,0,4,0,1,11,0,0
3,51,0,2,1,0,3,2,4,0,4,0,3,4,1,1
16,10,1,1,2,1,3,1,4,1,4,1,2,11,0,0
6,27,0,4,3,0,3,4,3,0,3,1,4,12,2,1
2,64,1,6,1,1,2,4,1,1,3,1,6,1,1,1
19,38,0,8,3,1,4,2,7,0,0,0,2,3,1,1
9,63,0,8,3,1,3,4,1,0,1,0,4,8,2,1
7,60,1,1,3,1,3,2,4,1,2,1,3,5,3,1
14,60,1,4,0,1,0,3,8,1,0,0,2,1,2,0
12,55,0,2,3,0,1,4,6,1,4,1,3,7,1,0
2,40,0,3,3,0,4,4,8,1,5,1,1,6,0,0
21,49,0,1,0,0,0,3,0,0,3,1,1,1,1,0
10,31,1,6,3,1,4,4,7,1,2,0,2,4,2,0
5,18,1,0,0,0,1,2,2,1,5,0,6,7,1,1
12,48,1,1,0,0,0,1,7,1,5,0,6,2,3,1
6,6,1,6,0,1,2,4,8,1,4,0,5,4,1,0
0,12,0,7,3,1,3,2,0,0,4,1,5,10,2,1
17,44,0,4,1,1,2,4,4,1,5,1,2,2,1,1
14,37,0,1,3,1,4,4,3,0,1,0,4,7,0,1
2,56,0,8,2,0,3,1,6,1,3,1,1,6,1,0
21,5,1,8,1,0,0,1,3,1,1,0,2,11,1,1
12,33,0,4,2,1,3,3,5,0,2,1,0,1,2,0
13,49,1,4,3,0,3,3,4,0,2,1,1,5,0,0
22,65,0,8,0,1,1,1,8,1,0,0,2,12,2,1
14,50,0,4,3,0,1,4,1,1,0,1,0,1,3,1
4,50,1,3,3,0,1,2,4,1,1,0,1,3,0,1
9,12,0,0,3,0,1,4,8,0,5,1,2,4,2,0
21,22,1,2,2,1,4,2,2,0,3,0,6,11,3,0
20,19,1,0,0,0,3,4,5,0,1,0,5,12,2,0
9,74,0,7,3,0,1,1,7,1,3,0,0,9,1,1
12,52,1,5,2,0,3,4,0,1,2,1,1,12,2,0
19,3,1,3,0,1,2,3,0,1,1,0,2,6,3,1
22,15,0,0,0,0,4,1,1,0,2,0,4,5,0,0
9,10,1,2,3,0,1,2,4,0,4,1,2,5,3,0
21,41,0,6,0,1,2,2,8,0,4,1,3,7,2,1
9,75,1,3,1,1,2,4,8,1,4,0,3,7,3,0
0,44,0,0,2,1,2,4,8,0,2,0,1,12,3,1
15,10,1,4,2,1,0,0,3,1,4,1,2,3,1,0
0,5,1,8,2,0,3,1,4,1,2,0,3,1,0,0
15,44,0,6,2,0,1,1,3,0,1,1,0,1,1,1
16,30,1,0,2,1,1,2,1,0,1,1,2,9,3,0
22,51,0,6,1,0,4,1,8,1,4,1,0,12,3,1
13,64,1,6,1,1,2,0,6,0,5,0,5,10,2,0
0,42,1,0,2,1,1,0,8,0,0,0,2,12,2,1
4,11,1,4,1,1,3,1,7,1,5,1,3,12,2,1
22,32,1,5,2,1,0,0,6,0,0,1,6,7,2,0
4,26,0,1,1,0,3,2,6,0,0,0,5,3,2,0
8,46,0,3,3,1,1,0,8,0,0,1,1,7,2,1
2,49,1,2,2,0,3,1,0,0,5,1,5,6,2,0
22,36,1,4,2,1,1,0,6,1,3,0,0,10,1,0
5,27,0,8,0,0,2,0,3,1,2,0,6,6,3,1
19,24,0,6,3,0,2,1,0,0,4,1,3,2,3,1
11,56,1,1,1,0,4,0,5,1,5,1,4,9,2,1
2,67,1,6,3,1,0,0,8,0,2,0,4,7,2,0
7,54,1,5,3,1,1,3,8,0,0,0,4,3,3,1
0,63,1,6,1,0,4,3,7,0,5,0,4,6,3,1
22,24,1,3,1,0,0,3,2,1,3,1,0,11,0,0
17,66,0,0,2,1,1,4,0,0,3,0,4,1,3,0
1,62,1,7,1,0,2,0,5,0,1,1,1,5,2,0
7,76,0,0,1,0,2,0,5,1,1,1,2,7,1,0
17,5,0,1,1,1,3,0,2,0,5,1,0,2,1,0
5,8,1,2,2,0,1,2,5,0,2,0,0,3,3,0
22,20,0,0,1,0,2,4,4,1,0,1,2,5,2,1
12,71,0,0,1,1,2,1,7,1,0,0,5,12,1,1
17,45,0,8,0,0,0,4,5,0,2,1,5,7,0,0
18,54,0,0,0,0,4,0,1,0,2,0,6,10,0,1
17,10,0,8,0,1,4,2,6,0,5,1,5,4,3,0
8,75,0,2,1,0,0,1,7,0,3,0,6,9,0,1
12,51,0,0,1,1,4,1,0,0,2,1,1,11,0,0
2,62,0,1,1,1,3,2,0,1,0,0,0,12,0,0
19,46,1,0,1,0,3,0,1,0,2,0,4,10,0,0
9,29,0,6,0,1,0,0,1,0,2,0,6,9,0,0
9,57,1,2,0,1,1,3,7,1,0,0,1,1,1,1
6,52,0,5,3,1,1,4,4,0,1,1,4,3,0,1
1,31,1,5,3,0,0,2,6,1,4,0,3,9,2,1
8,37,1,5,0,0,0,1,7,1,4,0,5,6,0,1
3,74,1,2,1,0,3,0,0,0,4,1,6,1,2,1
9,40,1,4,2,1,4,4,4,0,2,1,3,1,0,1
10,48,0,7,2,0,3,4,7,1,5,0,0,4,1,1
16,58,1,8,2,1,1,4,4,1,1,0,2,2,2,1
15,35,0,4,0,1,0,1,2,1,1,1,3,10,0,0
19,30,1,4,0,1,1,3,7,0,1,0,1,7,0,0
8,30,1,5,2,1,1,4,7,0,0,0,2,4,1,1
6,62,0,8,3,1,3,0,6,0,4,1,5,4,0,0
17,3,0,0,0,0,0,1,7,0,0,0,4,10,1,1
21,63,0,8,0,1,0,2,7,0,4,0,1,2,3,0
10,68,0,0,1,1,1,0,3,0,1,0,4,5,3,1
15,37,0,0,3,0,3,2,5,1,3,1,4,8,2,1
11,50,0,7,3,0,1,2,3,0,1,1,6,5,3,1
9,51,1,6,3,0,4,0,0,1,2,0,4,8,3,1
22,24,1,4,0,1,3,4,4,1,1,1,5,7,3,0
5,20,1,6,2,0,4,4,8,0,1,1,6,4,0,1
18,13,0,8,1,1,4,2,8,0,0,1,3,10,1,0
7,60,0,7,2,1,3,0,3,0,4,0,6,7,0,0
2,13,0,1,3,1,4,0,8,1,1,1,1,10,3,1
1,33,0,7,0,1,2,0,8,0,5,0,6,1,2,0
22,66,0,6,0,1,2,2,0,1,3,0,5,7,1,1
6,62,1,8,3,1,3,4,6,0,3,0,4,5,3,1
22,25,0,3,2,0,2,2,3,1,0,1,2,11,1,1
3,43,0,5,3,0,3,0,0,0,2,0,3,3,2,0
15,7,0,3,3,1,4,3,8,0,3,1,1,7,0,1
0,70,0,3,3,0,3,0,0,1,4,0,6,1,2,0
0,68,0,6,0,0,3,2,5,1,1,0,4,10,2,1
14,28,1,6,2,0,2,2,6,1,4,1,4,11,1,0
9,20,1,2,2,0,1,2,2,1,5,0,0,6,1,0
4,38,0,3,1,1,3,3,3,1,3,0,6,3,0,1
13,3,0,5,1,0,3,4,8,1,2,0,4,11,1,0
15,20,1,6,2,0,0,3,5,0,0,1,4,8,1,1
10,38,0,2,3,1,3,1,8,1,0,1,1,3,0,0
5,13,1,7,0,0,3,4,7,1,4,0,3,3,2,0
22,0,1,0,3,1,4,4,2,1,2,1,5,10,2,1
6,63,1,3,0,0,3,4,8,0,4,0,0,5,0,1
14,19,1,8,0,0,2,4,6,1,3,0,4,11,3,1
12,73,1,0,0,0,4,3,1,1,1,1,6,4,0,1
22,50,0,7,1,1,2,2,7,0,4,0,0,6,0,0
4,11,0,0,0,1,2,0,2,1,3,0,6,6,2,0
8,60,0,2,1,0,0,2,6,0,0,1,1,11,3,1
22,29,1,1,2,0,0,4,7,1,5,0,6,6,0,1
12,75,0,4,0,1,1,1,1,1,0,0,3,2,2,0
21,46,0,5,3,0,3,3,2,0,5,0,1,4,1,1
21,14,1,6,1,0,0,3,6,0,1,0,4,2,3,0
12,4,0,2,1,0,4,3,3,1,4,0,3,5,1,1
3,53,1,0,1,1,1,3,3,1,5,1,3,5,2,1
17,10,0,5,2,0,3,4,0,1,4,0,3,3,1,0
13,37,0,7,2,1,1,2,3,0,1,1,3,6,0,1
11,38,1,5,1,0,3,2,8,1,3,1,0,10,2,1
5,23,0,3,2,1,2,2,8,1,0,1,5,12,2,1
20,66,0,5,0,0,4,2,7,1,0,1,3,1,3,1
6,3,1,5,1,0,3,0,1,0,0,1,0,10,3,0
8,2,0,2,3,0,3,2,7,0,1,0,6,2,3,1
22,48,1,4,1,0,1,0,3,1,1,1,3,7,3,1
15,5,1,8,3,1,4,2,5,1,0,1,1,9,1,1
7,74,1,7,3,1,1,0,4,1,3,0,1,2,3,1
4,41,0,7,3,1,4,4,0,1,5,1,5,4,1,1
20,23,1,3,2,0,2,4,7,1,1,1,6,8,1,1
19,5,0,0,3,0,3,4,0,0,1,0,3,12,3,1
0,19,0,5,2,1,1,3,0,0,2,1,5,8,3,1
22,75,0,6,0,1,3,1,3,1,5,1,6,11,1,1
22,7,1,1,0,0,1,3,3,0,0,0,1,6,0,0
0,18,1,7,3,1,1,3,0,1,5,1,4,9,2,1
1,20,1,3,3,0,0,4,7,0,1,1,6,12,0,0
23,38,0,8,1,1,1,1,7,0,4,0,5,5,0,1
9,36,1,2,1,0,4,1,8,0,5,1,5,7,2,0
20,56,1,3,1,0,0,4,6,1,5,1,4,3,2,0
16,49,0,0,1,0,0,2,8,1,4,0,0,10,0,1
4,14,0,8,1,0,0,4,2,1,5,1,1,4,2,1
9,39,1,4,3,1,0,1,3,0,2,0,4,3,3,1
11,43,0,6,2,0,4,4,4,0,4,1,0,3,3,0
10,72,0,4,1,1,3,4,2,1,4,1,1,8,1,1
15,5,1,8,3,0,0,1,5,1,3,0,1,7,3,0
10,48,0,8,2,0,1,4,5,1,4,0,2,12,1,0
3,38,0,8,0,1,0,4,8,0,5,1,3,4,3,0
8,6,0,4,0,1,3,3,2,0,1,0,1,11,2,1
19,63,1,0,3,0,0,0,1,1,3,1,3,11,3,0
14,38,0,1,2,0,3,1,3,0,5,1,1,6,1,1
20,61,1,2,1,0,3,1,6,0,3,0,0,6,1,0
7,16,0,2,1,1,3,4,4,1,1,0,1,5,0,1
20,25,1,5,2,1,2,3,6,1,3,1,4,6,0,0
11,61,0,7,2,1,1,3,6,0,3,0,6,10,3,1
3,4,0,1,1,1,1,4,6,0,3,0,6,4,1,1
20,22,0,3,1,1,1,3,0,1,3,1,2,5,1,0
18,18,1,4,0,1,0,3,8,0,4,0,6,7,1,1
16,42,1,1,0,0,3,2,6,0,3,1,0,2,2,1
8,72,1,3,0,0,2,0,4,0,4,0,1,12,0,0
4,8,1,1,1,1,0,0,0,1,0,0,4,2,2,1
6,59,1,7,1,1,2,4,8,0,0,1,3,3,1,0
11,53,0,4,3,1,4,1,8,1,2,0,2,3,0,0
11,36,1,7,2,1,2,1,8,1,3,0,5,4,1,0
2,34,1,5,0,0,0,3,3,0,5,1,2,1,0,0
14,1,1,7,1,1,2,3,5,0,3,1,0,12,3,1
18,35,0,3,2,0,0,2,1,0,5,1,6,7,0,1
8,20,0,6,0,0,3,4,2,0,3,1,1,7,0,0
12,4,1,5,0,0,4,4,8,1,2,0,6,4,2,1
0,12,1,0,3,0,1,0,8,1,3,0,2,11,2,0
11,18,1,7,3,0,4,0,8,1,1,1,5,7,3,0
20,53,0,2,3,0,2,0,1,0,0,0,1,1,1,1
5,41,0,7,0,1,1,1,5,1,1,0,5,3,1,0
23,35,0,2,1,0,1,2,3,0,4,0,4,8,2,0
8,51,0,1,3,1,1,1,1,1,4,0,6,8,0,0
14,19,1,8,0,0,2,4,4,1,5,0,3,2,1,1
21,56,0,1,1,0,0,0,4,1,4,0,3,9,3,0
7,39,1,1,3,0,2,1,4,1,5,1,3,1,1,0
7,62,0,5,1,1,4,4,2,1,4,0,1,5,3,0
22,13,1,6,2,0,2,4,6,1,0,1,0,3,1,0
10,1,0,6,2,1,1,3,8,0,3,0,1,4,1,1
15,15,0,1,0,0,0,1,8,1,2,0,2,11,0,1
18,4,0,8,1,1,1,4,8,0,4,1,0,7,3,1
18,73,1,0,0,0,0,1,6,0,4,1,1,8,2,0
7,42,0,6,3,0,2,1,1,0,4,0,6,11,1,1
16,26,1,1,3,1,4,0,8,1,2,0,3,10,0,0
19,49,0,5,2,1,1,4,5,0,1,1,1,8,1,0
18,37,0,8,1,1,4,3,7,0,2,0,0,5,1,0
4,44,1,6,0,1,0,1,2,0,1,1,4,12,0,0
18,25,1,3,3,0,0,2,8,0,1,0,3,6,2,0
9,5,0,2,1,0,1,3,0,1,1,0,5,4,3,0
7,54,1,7,1,1,0,2,6,0,0,1,6,10,3,1
16,7,1,2,3,1,2,1,6,0,1,0,4,3,3,0
2,13,1,8,1,0,3,0,8,1,1,0,3,8,3,0
21,73,0,1,3,0,1,3,6,1,4,1,1,4,1,0
23,22,1,1,1,1,1,2,8,1,1,1,5,10,0,1
19,62,0,4,2,1,0,1,5,0,5,0,3,11,1,0
16,0,1,6,3,1,0,2,2,0,1,0,4,6,2,0
7,3,0,0,1,1,0,2,1,1,5,1,4,4,0,1
9,59,1,2,0,1,4,4,6,1,4,1,1,6,2,1
9,25,1,8,1,0,4,1,1,1,5,0,1,10,1,0
15,65,0,5,1,0,3,4,2,0,4,1,3,11,3,1
1,20,1,6,0,1,2,3,7,0,5,0,2,7,0,0
20,59,1,4,2,0,0,0,7,1,2,1,2,2,1,1
18,9,0,4,1,0,1,1,8,1,1,0,0,11,0,0
1,54,0,2,1,0,0,0,0,0,5,0,4,5,3,1
23,73,1,1,1,1,1,3,0,1,3,0,1,9,1,0
7,14,0,5,3,1,1,4,1,1,1,1,0,4,0,0
9,61,0,7,3,0,0,1,6,0,4,0,1,4,3,1
9,27,1,8,1,1,0,1,0,1,0,0,3,3,1,0
17,57,0,6,0,1,4,3,4,1,3,1,1,6,0,0
7,54,1,5,2,0,1,2,2,0,1,1,4,5,2,0
14,69,1,0,2,0,0,4,3,1,3,1,1,8,2,0
13,35,1,4,2,0,3,4,7,0,3,0,4,5,3,1
21,29,0,7,0,1,3,2,8,1,5,1,4,7,0,0
11,6,0,6,1,1,4,1,7,0,5,1,1,3,3,0
2,19,1,1,3,0,0,3,0,0,1,1,4,1,2,0
21,34,1,6,3,0,0,4,0,1,4,1,6,2,3,1
21,41,1,1,3,1,3,2,8,0,1,0,3,7,1,1
7,64,0,7,2,1,0,0,0,0,3,1,0,6,1,0
0,11,0,7,2,0,0,3,8,1,2,0,5,8,0,1
18,7,1,1,1,1,1,2,0,1,4,1,0,1,3,1
21,21,0,3,3,0,3,3,0,0,1,0,5,8,1,0
22,31,0,7,1,1,2,2,2,1,0,0,1,9,3,1
2,76,0,4,1,0,4,0,4,0,3,0,1,6,0,0
10,55,1,0,3,1,3,0,5,1,4,1,6,3,2,0
2,9,1,5,2,0,4,1,2,1,1,0,3,3,2,0
3,59,1,0,1,0,1,0,0,0,1,1,0,8,0,0
13,47,0,7,1,1,0,2,1,0,3,1,6,3,0,1
13,48,1,3,2,0,4,2,4,1,4,0,0,12,3,0
1,34,0,0,3,0,0,0,7,0,3,0,4,4,2,0
14,64,0,3,1,1,2,1,0,0,2,0,6,7,2,1
16,12,0,8,0,0,2,2,5,0,2,0,2,7,0,0
22,26,0,0,2,0,4,4,6,0,2,0,5,7,1,1
2,15,0,8,0,1,2,2,3,0,4,1,0,4,3,0
8,33,0,6,2,0,1,1,4,0,1,0,6,9,1,1
9,29,1,1,1,0,3,3,1,0,0,1,2,12,3,0
18,33,1,8,2,1,3,2,3,0,1,0,3,9,1,1
9,39,1,8,2,1,4,1,3,1,2,0,0,6,0,0
15,6,1,6,2,0,1,1,4,1,3,0,0,5,1,0
5,46,0,0,2,1,4,3,4,1,4,1,5,7,3,1
13,32,1,5,0,0,4,4,1,1,1,1,4,2,1,1
19,7,1,2,3,0,2,2,4,1,4,1,2,1,3,0
10,18,1,2,0,1,0,1,0,0,3,0,4,9,0,0
23,1,1,6,1,1,4,2,7,0,4,0,3,3,1,0
19,7,0,4,2,1,0,0,5,0,4,1,5,11,2,0
11,68,1,7,2,1,2,0,5,0,0,1,2,8,1,1
2,3,1,2,1,0,2,3,6,1,1,1,2,1,3,0
16,26,1,4,1,1,4,3,2,0,0,0,1,6,2,1
18,7,0,2,2,1,3,4,4,1,4,0,1,5,1,0
9,37,1,4,0,0,2,0,7,0,3,1,1,9,0,0
22,52,1,6,3,1,1,0,5,0,1,1,3,11,1,0
7,16,0,6,2,1,4,4,3,0,3,0,0,9,0,1
20,42,1,5,2,0,1,2,3,1,0,1,2,8,2,1
20,73,0,2,2,0,1,0,2,0,0,1,5,2,2,1
19,16,0,5,2,1,3,1,2,1,0,0,3,3,1,1
18,50,0,0,2,1,3,2,0,0,4,1,6,7,2,1
16,31,1,3,0,1,2,2,8,0,4,0,5,8,2,1
5,23,1,5,3,0,1,3,5,0,3,0,3,10,0,0
5,69,0,7,3,0,4,3,7,1,3,0,2,12,3,1
2,54,1,6,2,0,2,1,2,1,0,0,4,10,0,0
22,21,1,7,0,0,3,1,2,1,4,0,5,12,1,0
1,29,0,0,1,0,0,2,4,0,1,0,4,6,3,1
10,74,0,4,1,0,4,3,5,0,5,0,0,9,3,1
7,50,1,6,3,0,0,3,7,0,1,0,1,3,2,1
5,11,1,5,2,1,0,0,0,1,4,1,4,7,1,1
12,74,1,4,3,1,0,0,1,1,2,0,1,5,2,0
18,75,0,6,0,0,3,3,3,0,2,0,5,7,0,1
10,27,0,4,3,0,3,2,4,1,3,1,5,12,1,1
9,73,1,5,3,1,3,2,2,1,2,0,1,12,3,0
7,5,0,3,0,1,1,0,7,0,1,0,5,7,0,0
11,37,1,5,3,0,1,2,1,1,4,0,3,3,0,1
17,25,1,5,3,0,0,0,8,0,5,1,1,3,2,0
12,76,1,5,3,1,2,1,5,0,3,1,3,11,2,0
21,5,0,0,0,0,1,4,5,0,4,0,5,9,0,0
18,20,0,7,3,0,2,0,7,1,4,1,4,3,0,0
0,26,0,8,1,0,2,1,6,1,0,1,5,12,2,1
14,30,0,2,3,0,4,4,0,1,4,1,3,9,0,0
4,61,1,0,3,0,3,4,5,1,0,0,1,6,3,1
7,25,0,3,3,0,4,2,0,1,4,0,1,11,0,1
13,4,1,4,0,1,4,0,2,1,3,1,0,2,1,1
6,65,1,6,0,0,4,3,1,0,1,0,2,1,0,1
20,16,1,6,3,0,0,4,3,0,5,1,5,1,0,1
16,35,1,2,2,0,1,2,5,0,2,0,1,2,2,1
2,12,1,4,2,1,3,0,8,0,3,0,5,7,0,1
23,18,1,3,1,1,3,2,1,1,3,0,6,3,0,1
20,70,1,2,1,0,4,4,7,1,3,1,1,4,1,0
7,11,0,2,2,0,4,4,3,0,5,1,4,9,0,0
17,18,1,6,3,0,2,3,2,1,5,1,3,2,3,1
11,47,0,3,2,0,4,3,3,1,3,1,6,8,1,1
12,3,1,0,3,1,4,2,3,1,4,0,3,3,1,0
14,40,1,7,2,0,2,1,7,1,4,1,4,2,3,1
13,65,0,7,2,0,0,3,2,0,1,1,2,1,3,0
13,40,1,2,0,1,0,3,3,0,1,1,0,8,1,1
19,1,0,6,3,1,2,0,2,1,1,0,6,7,2,1
12,35,0,0,1,1,1,0,5,1,2,1,6,7,3,1
14,9,0,2,2,0,4,2,3,1,5,1,4,3,1,1
6,14,0,8,1,0,2,0,1,1,4,1,2,10,2,0
7,69,0,2,2,0,3,0,0,0,2,0,4,2,1,0
23,55,0,3,1,0,4,0,4,1,2,1,1,3,3,0
18,33,0,4,2,0,2,2,6,0,1,0,1,8,2,0
10,73,0,0,2,1,4,4,4,0,5,1,2,5,1,0
1,65,1,6,1,1,2,0,5,0,5,0,3,11,0,1
7,15,1,3,2,1,0,3,0,0,2,1,5,10,2,0
22,10,0,0,1,0,2,4,5,1,3,1,4,3,3,1
4,29,1,5,1,1,1,1,1,1,5,1,1,6,3,1
0,36,0,0,3,0,0,0,2,1,3,0,1,3,2,1
14,48,1,5,1,1,4,4,6,0,3,0,1,8,0,0
9,10,1,1,2,0,4,1,1,1,0,1,1,8,3,0
5,63,1,2,1,0,4,3,1,0,0,0,2,7,0,0
2,63,0,2,1,0,3,4,2,1,0,1,4,9,0,0
9,53,1,6,0,1,1,4,8,1,3,1,3,6,3,1
18,23,0,8,3,0,0,3,0,0,4,0,4,5,3,0
20,74,1,4,1,1,4,2,4,0,5,0,3,4,3,1
11,26,0,0,2,1,1,1,5,0,1,1,4,11,3,1
2,8,1,1,3,1,4,3,2,0,3,1,0,5,3,0
12,9,0,1,2,0,3,4,0,0,3,1,6,12,2,0
5,30,0,5,2,0,0,2,2,0,5,1,2,10,2,0
6,29,1,7,0,0,1,2,5,1,3,0,3,3,3,1
18,65,1,8,0,0,3,4,5,1,2,0,3,11,3,0
19,58,0,2,0,0,0,4,5,1,0,1,6,11,2,0
22,36,0,0,3,1,1,2,1,1,3,0,5,3,2,1
6,18,1,5,3,1,0,2,5,1,3,1,5,3,2,0
0,38,0,3,2,1,1,1,2,0,0,1,6,2,3,0
9,22,0,6,3,1,1,2,7,1,2,0,2,5,1,0
9,6,0,1,1,1,1,2,3,1,4,1,4,7,2,1
16,40,0,8,2,1,1,1,7,1,0,1,6,4,3,0
1,46,0,8,2,1,4,0,7,1,1,1,2,6,3,1
19,8,0,1,0,0,2,0,0,1,2,1,2,3,0,1
11,60,0,0,2,1,0,2,2,1,1,0,1,9,1,1
18,70,1,2,2,0,3,1,4,0,4,0,5,9,1,0
13,28,0,8,3,0,0,2,1,1,3,0,0,5,0,1
14,32,0,5,1,0,2,4,8,0,1,1,6,9,3,0
14,47,1,3,0,1,0,1,7,0,3,1,0,3,0,0
13,14,1,2,3,0,1,3,0,0,3,1,6,2,1,0
5,53,1,0,2,0,2,2,3,1,3,1,2,6,1,0
23,11,1,8,2,0,3,1,6,1,5,1,2,9,2,0
15,61,1,1,3,0,1,0,0,0,2,1,0,9,0,1
9,65,1,0,2,1,3,2,4,0,2,0,0,5,1,0
16,41,1,3,3,1,0,2,8,0,3,1,1,1,1,1
13,58,1,3,0,0,0,0,2,0,1,1,2,11,0,0
8,41,1,5,0,0,1,3,1,0,3,1,5,7,1,0
14,71,1,2,1,0,0,0,0,1,1,1,4,4,3,1
4,75,1,7,0,1,1,4,7,1,3,0,0,6,3,0
22,38,1,0,0,0,0,3,8,1,2,1,3,1,0,0
11,69,0,3,3,1,0,3,0,1,5,0,5,9,3,1
4,17,0,6,0,0,0,2,6,1,2,0,4,2,2,1
3,56,0,7,2,1,2,2,2,0,5,0,3,8,2,0
21,71,0,7,3,1,4,4,8,0,5,1,5,6,1,0
6,39,0,3,0,1,4,2,3,0,4,0,1,1,0,0
21,40,0,2,2,1,0,2,1,1,3,0,6,10,1,1
10,76,1,6,0,0,2,2,3,0,1,0,3,6,2,0
19,50,0,6,2,1,3,4,0,0,3,1,6,12,1,1
14,43,0,4,0,0,3,4,1,1,4,1,6,1,0,0
21,23,1,6,2,0,0,3,8,1,0,1,0,8,3,1
20,54,1,5,0,0,2,0,3,1,5,0,0,8,2,0
15,47,0,0,3,1,4,1,3,1,2,0,2,2,3,0
23,46,1,8,3,0,2,4,0,1,1,1,6,10,1,1
11,27,1,0,3,0,0,3,7,1,3,0,1,12,1,0
22,37,1,0,1,0,3,4,8,0,1,1,3,11,2,1
3,73,0,5,0,0,3,1,2,0,4,0,4,3,1,1
12,72,0,7,2,0,0,4,2,0,0,1,3,10,0,1
16,8,0,3,0,0,2,2,2,1,4,1,1,6,2,0
7,32,1,0,0,1,1,4,6,1,3,0,4,8,0,0
12,1,0,7,3,0,1,4,6,1,1,0,5,7,3,0
9,43,0,4,0,1,2,0,0,1,3,0,5,4,2,0
8,52,0,5,3,1,2,1,4,1,4,0,4,7,0,0
6,73,1,2,2,1,3,0,3,1,2,0,0,5,2,0
8,32,0,2,2,0,3,4,5,1,1,1,5,1,0,0
16,19,1,5,3,0,3,4,3,1,2,0,4,10,0,1
3,9,1,5,0,1,0,4,6,0,3,0,6,8,1,1
17,23,1,2,1,1,2,0,8,0,2,1,1,5,3,1
23,34,1,6,3,0,0,3,2,0,2,0,1,2,0,1
20,73,1,2,3,0,4,0,1,0,4,1,0,6,3,1
18,28,1,0,2,1,2,4,5,1,4,1,1,3,3,1
15,22,1,8,3,0,2,1,3,0,4,0,4,12,2,1
2,42,1,4,1,1,3,4,0,1,0,0,5,4,2,0
10,21,0,6,3,1,3,0,5,1,2,1,5,5,2,0
6,60,0,2,2,0,1,2,2,1,5,1,4,5,1,1
19,36,1,5,0,1,1,3,6,1,2,0,4,12,1,0
23,72,1,5,0,1,2,0,4,0,2,1,5,2,2,0
19,46,1,3,3,0,3,2,8,0,5,0,3,11,0,1
15,52,0,6,0,0,4,1,8,0,3,1,3,11,3,0
6,28,1,5,0,1,2,4,0,1,1,0,4,4,1,0
6,27,1,7,3,0,2,2,3,1,1,0,3,9,0,1
18,38,0,3,2,0,3,1,3,0,0,0,4,2,2,1
13,21,0,4,1,0,2,0,0,1,3,0,2,2,1,0
18,2,0,2,1,1,1,2,6,0,3,0,0,8,2,1
0,69,0,5,2,1,0,0,7,1,5,1,3,5,0,1
15,66,1,2,0,1,2,3,4,0,4,1,3,5,3,1
4,59,0,1,3,1,1,4,3,0,2,0,3,7,0,0
18,46,0,2,0,1,4,1,3,1,4,0,3,10,0,0
4,62,0,4,3,0,1,2,5,0,5,0,2,3,3,1
2,0,0,2,1,0,3,0,2,1,1,0,4,1,0,1
14,5,0,4,3,1,4,3,8,1,1,1,4,1,2,0
2,20,0,1,3,1,4,1,5,1,2,0,4,4,2,1
15,12,1,2,0,1,2,0,8,0,2,0,0,9,1,0
16,41,1,0,1,0,3,1,1,1,3,0,1,8,0,1
21,66,1,8,1,0,2,4,3,1,3,1,3,11,0,0
13,35,0,1,3,0,2,3,6,1,1,0,4,6,3,1
18,54,1,6,1,1,1,3,1,1,5,1,3,10,0,1
7,76,1,1,3,1,2,1,0,0,0,0,0,6,1,0
23,31,0,3,0,0,1,2,3,1,2,1,3,3,0,1
2,24,0,0,1,1,4,4,3,0,5,0,1,3,0,1
23,32,0,2,2,1,1,4,3,1,1,0,2,5,3,1
16,39,1,8,2,0,3,0,1,1,3,0,4,4,3,1
19,28,1,2,1,1,0,4,7,0,1,1,2,4,0,1
23,11,0,2,3,0,2,3,5,0,4,0,1,4,1,1
11,20,0,0,3,0,2,0,0,0,4,0,6,7,2,1
2,22,1,3,1,1,4,0,2,1,1,1,1,11,0,1
9,44,0,7,1,1,3,4,0,0,3,1,2,6,0,0
11,0,1,3,2,0,3,2,6,1,4,1,3,2,3,1
1,73,1,2,0,1,4,4,3,0,0,0,5,12,3,0
22,11,0,7,1,0,3,0,4,0,0,0,0,7,0,0
20,21,1,4,3,0,1,0,2,0,2,0,4,3,2,0
8,20,1,4,0,0,4,4,8,0,1,1,3,8,0,0
6,33,1,5,3,0,1,2,7,1,3,0,5,10,2,1
5,53,1,4,3,1,2,1,2,1,0,0,1,4,3,0
22,0,1,3,0,0,0,2,0,1,3,0,0,9,2,0
18,3,1,2,1,0,2,3,7,0,5,0,0,3,0,0
5,1,1,3,3,0,4,3,5,0,2,0,3,4,1,0
10,7,1,0,0,1,4,0,2,1,4,0,0,3,0,0
2,30,1,7,0,0,2,0,2,1,5,1,5,3,2,1
19,15,1,4,0,1,0,2,7,1,2,1,6,5,0,1
6,27,0,5,3,1,3,0,0,0,4,1,2,5,3,0
10,62,0,7,3,1,0,0,5,0,4,0,4,6,3,1
12,47,0,5,1,0,3,3,1,1,3,1,0,11,3,1
18,65,1,6,0,0,2,1,7,0,3,1,0,3,2,1
2,26,1,0,3,0,1,2,4,1,3,0,4,3,2,0
11,33,1,1,0,1,4,2,0,0,2,1,3,8,0,1
0,48,1,2,1,1,0,2,2,0,2,1,3,10,3,0
17,44,0,0,3,1,4,0,0,0,3,1,3,5,1,0
23,20,1,5,0,1,1,3,6,0,2,0,6,7,3,0
21,71,1,3,0,0,3,2,3,0,1,1,6,6,3,1
16,55,0,6,2,1,3,0,5,0,5,1,3,3,1,0
1,52,1,5,0,0,1,2,7,1,3,0,3,11,3,0
13,20,1,1,0,1,2,2,6,1,1,1,6,1,2,1
4,74,0,5,0,0,4,1,1,0,4,0,5,5,1,0
8,75,1,3,0,0,4,3,4,0,2,1,3,12,3,1
6,40,0,7,3,1,3,1,8,1,5,0,6,4,3,1
15,25,0,2,1,0,1,4,8,0,0,0,6,2,1,1
21,65,1,2,0,0,4,1,8,1,2,0,2,7,3,0
4,57,0,2,1,0,4,3,8,0,4,0,2,3,0,1
11,70,0,0,1,1,3,3,3,0,1,0,3,3,1,1
0,22,1,8,1,1,0,3,7,0,5,0,5,6,2,0
11,3,0,4,3,1,4,0,4,0,5,0,0,8,2,1
20,71,0,3,1,0,0,2,1,0,3,0,4,12,1,0
5,54,1,5,2,1,3,2,8,0,2,1,5,7,2,0
2,16,0,2,0,0,4,1,0,1,1,1,5,11,1,0
4,37,1,4,3,1,3,3,7,1,3,1,5,1,0,0
4,37,1,1,1,0,2,4,5,1,0,1,1,3,1,0
5,21,0,5,0,0,2,2,3,0,3,1,6,3,0,1
8,62,0,2,0,0,1,4,8,0,1,1,3,10,2,0
19,64,1,6,1,0,3,2,2,1,4,0,4,4,1,1
20,53,1,2,2,0,2,4,0,1,0,1,0,5,0,0
2,5,1,8,0,1,2,4,2,0,4,1,6,6,3,1
13,34,0,8,2,0,2,2,6,1,1,1,0,6,1,0
10,42,0,8,2,1,0,0,2,1,5,1,0,11,0,0
3,13,1,3,2,1,0,1,3,1,4,0,6,10,0,1
5,58,0,6,2,0,1,0,0,1,0,1,5,3,2,1
14,28,0,3,0,0,4,1,0,1,4,0,1,12,0,0
4,18,0,6,3,1,2,0,5,0,3,0,3,7,3,1
19,25,1,1,0,0,0,3,4,0,3,1,0,11,1,1
8,44,0,7,3,1,3,0,6,1,0,1,0,10,1,1
16,42,0,6,3,1,0,4,2,1,4,0,5,5,3,0
20,73,0,8,1,1,4,2,1,1,0,0,0,5,3,0
11,20,1,3,1,0,0,1,5,1,4,1,3,12,2,0
11,69,1,1,1,1,1,1,4,0,3,1,4,10,1,1
5,72,1,8,0,0,1,0,8,1,0,0,4,5,2,1
10,68,1,1,1,0,2,0,4,1,0,1,0,10,3,1
1,45,0,3,3,1,3,3,7,1,3,1,2,10,1,1
3,1,1,7,2,1,0,0,7,1,2,1,2,7,0,1
3,11,1,0,1,0,0,4,7,0,0,1,1,11,0,0
19,34,0,4,3,0,0,2,4,0,2,0,6,12,1,0
13,66,1,2,3,0,3,2,6,1,5,0,1,8,2,0
4,64,0,3,1,1,4,1,0,1,0,1,1,2,1,1
8,28,0,5,2,1,3,4,1,1,1,1,0,6,3,0
5,74,1,5,0,1,2,3,1,0,0,0,4,5,1,1
2,74,0,7,3,1,3,4,0,1,4,0,5,11,2,1
6,46,1,1,1,0,4,4,7,0,3,0,3,11,3,0
15,37,0,8,0,1,3,2,7,0,5,0,4,12,3,0
16,33,1,1,2,0,0,3,8,0,2,0,3,6,3,1
7,18,0,5,1,0,4,4,7,1,0,0,5,12,1,0
20,68,0,3,2,1,0,2,7,0,1,1,0,3,2,0
